"repeater","band","channel","tx1","rx1","type","locator","where","NGR","region","ctcss","keeper","lat","lng",
2E0AYY,70CM,,430.0250,430.0250,AG,JO01NC,FOLKESTONE,TR1975136601 ,SE,77,2E0AYY,51.086613,1.136431,
2E0ECI,2M,,145.3375,145.3375,AG,IO92NB,DEANSHANGER,SP7602140023,SW,77,2E0ECI,52.053416,-0.892761,
2E0JXP,70CM,,434.5000,434.5000,AG,IO70VJ,PLYMOUTH,SX4591857181,SW,77,2E0JXP,50.393849,-4.168601,
2E0OFF,70CM,,430.0625,430.0625,AG,IO83XL,STALYBRIDGE,SJ 96857 98415,NOR,82.5,2E0OFF,53.482458,-2.048823,
2E0RFU,70CM,,430.0250,430.0250,AG,IO83VJ,STOCKPORT,SJ 88135 89845,NOR,94.8,2E0RFU,53.405304,-2.179967,
2E0WLY,70CM,,430.0125,430.0125,AG,IO82VK,WOLVERHAMPTON,SO937934,MIDL,67,2E0WLY,52.5388,-2.0934,
2E1AVX,70CM,,434.4750,434.4750,AG,IO91SK,STAINES,TQ0491170740,SE,82.5,2E1AVX,51.425972,-0.492419,
2E1EBL,70CM,,434.4750,434.4750,AG,IO83PI,WIDNES,SJ51148564,NOR,82.5,2E1EBL,53.365415,-2.735762,
2E1EDB,70CM,,430.0750,430.0750,AG,IO94JW,GATESHEAD,NZ2326461286,NOR,118.8,2E1EDB,54.945703,-1.638346,
2I0JMT,70CM,,430.0625,430.0625,AG,IO74AQ,GLENGORMELY,,NI,110.9,2I0JMT,54.67,-5.98,
2M0SBP,70CM,,430.0125,430.0125,AG,IO76BV,ARISAIG,NM6630986530,SCOT,88.5,2M0SBP,56.910934,-5.840358,
2W0CVL,70CM,,430.0500,430.0500,AG,IO81KS,BLAENAVON,SO2534209411,WM,94.8,2W0CVL,51.778365,-3.083557,
G0AZS,70CM,,430.0750,430.0750,AG,IO91PT,ASTON CLINTON,SP8820112198,SW,77.0,G0AZS,51.801488,-0.722281,
G0BHX,70CM,,430.0250,430.0250,AG,IO82WR,STAFFORD,SJ899168,MIDL,103.5,G0BHX,52.748739,-2.151068,
G0EWH,70CM,,434.5250,434.5250,AG,IO82WK,STOURBRIDGE,SO9205282780,MIDL,67,G0EWH,52.442941,-2.11836,
G0JUL,70CM,,430.0500,430.0500,AG,IO93DU,YEADON,,NOR,82.5,G0JUL,53.87,-1.68,
G0KEN,70CM,,430.0250,430.0250,AG,IO83OQ,LEYLAND,SD4721920512,NOR,82.5,G0KEN,53.678407,-2.800524,
G0KYD,2M,,145.2375,145.2375,AG,JO03AD,TOYNTON ALL SAINTS,TF392642,MIDL,71.9,G0KYD,53.156859,0.081528,
G0MXU,70CM,,430.0750,430.0750,AG,IO83QR,LEYLAND,SD5756624073,NOR,110.9,G0MXU,53.711346,-2.6443738,
G0OID,70CM,,430.0625,430.0625,AG,IO81XM,LYNEHAM,SU0005779312,SW,77.0,G0OID,51.512737,-2.00057,
G0RAS,4M,,70.3500,70.3500,AG,IO91LS,THAME,SP6662507070,SW,77,G0RAS,51.758368,-1.036113,
G0WYG,70CM,,430.0500,430.0500,AG,JO01AK,BROMLEY,TQ3985771748,SE,103.5,G0WYG,51.427494,0.010327,
G0WYG,4M,,70.4125,70.4125,AG,JO01AK,BROMLEY,TQ3985771748,SE,103.5,G0WYG,51.427494,0.010327,
G1FJH,70CM,,430.0125,430.0125,AG,IO92NL,MARKET HARBOROUGH,SP7491687143,MIDL,77.0,G1FJH,52.477104,-0.898403,
G1KEA,6M,,50.5400,50.5400,AG,IO92FI,KENILWORTH,SP29334 72077,MIDL,67,G1KEA,52.34600,-1.57083,
G1KEA,70CM,,434.0500,434.0500,AG,IO92FI,KENILWORTH,SP2933472077,MIDL,67,G1KEA,52.346063,-1.570798,
G1SCQ,70CM,,434.5250,434.5250,AG,JO02FV,KING'S LYNN, TF6682437475,SE,94.8,G1SCQ,52.908838,0.479299,
G3SNA,70CM,,430.0125,430.0125,AG,IO83XM,OLDHAM,SD9987504290,NOR,82.5,G3SNA,53.535284,-2.003343,
G3XOP,70CM,,434.5250,434.5250,AG,IO91OV,AYLESBURY,SP 80475 20412,SW,118.8,G3XOP,51.876483,-0.832394,
G3YSG,70CM,,430.0500,430.0500,AG,IO91IV,FAREHAM,SU5165909307,SW,77.0,G3YSG,50.88095,-1.267059,
G4CUI,70CM,,430.0125,430.0125,AG,IO93FI,SHEFFIELD,SK2983986063,NOR,71.9,G4CUI,53.37057,-1.55310,
G4CUI,2M,,145.3375,145.3375,AG,IO93FI,SHEFFIELD,SK2983986063,NOR,71.9,G4CUI,53.37057,-1.55310,
G4IRX,70CM,,431.0750,431.0750,AG,IO92JV,NOTTINGHAM,SK5567333473,MIDL,71.9,G4IRX,52.895855,-1.173869,
G4KIN,70CM,,430.0375,430.0375,AG,IO83OM,SAINT HELENS,SD4765202661,NOR,71.9,G4KIN,53.51802,-2.790956,
G4LTM,70CM,,434.5000,434.5000,AG,IO83XL,ASHTON-UNDER-LYNE,SJ9607397582,NOR,103.5,G4LTM,53.474976,-2.06062,
G4MUV,70CM,,430.0375,430.0375,AG,IO92BH,REDDITCH,SP 08006 66475,WM,103.5,G4MUV,52.2964,-1.8841,
G4NJI,70CM,,430.0625,430.0625,AG,IO93IK,ROTHERHAM,SK4450293761,NOR,71.9,G4NJI,53.438618,-1.331496,
G4NJI,2M,,145.2875,145.2875,AG,IO93IK,ROTHERHAM,SK4450693743,NOR,71.9,G4NJI,53.438613,-1.331489,
G4PEF,70CM,,430.0625,430.0625,AG,IO91VN,EAST OF WEMBLEY,TQ2252484955,SE,82.5,G4PEF,51.550194,-0.234277,
G4WLI,2M,,145.2375,145.2375,AG,IO83VN,MIDDLETON,SD8614305596,NOR,82.5,G4WLI,53.546832,-2.210591,
G6MDD,2M,,145.3375,145.3375,AG,IO80LS,AXMINSTER,SY2585195730,SW,103.5,G6MDD,50.756399,-3.052579,
G6MDD,70CM,,434.5250,434.5250,AG,IO80LS,AXMINSTER,SY2585195730,SW,77,G6MDD,50.756399,-3.052579,
G6OHM,70CM,,430.0250,430.0250,AG,JO02AL,CHATTERIS,TL3942386862,SE,94.8,G6OHM,52.461932,0.050734,
G6OTZ,70CM,,430.0750,430.0750,AG,IO92BQ,BURNTWOOD,SK0750209202,MIDL,103.5,G6OTZ,52.680487,-1.890461,
G7LFC,70CM,,433.9750,433.9750,AG,IO83NN,ORMSKIRK,SD4041307197,NOR,82.5,G7LFC,53.558627,-2.902078,
G7NIR,70CM,,434.0250,434.0250,AG,IO83KI,WEST KIRBY,SJ2281086895,NOR,82.5,G7NIR,53.373190,-3.161750,
G7OEA,70CM,,430.0625,430.0625,AG,IO83LL,LIVERPOOL,SJ3366596587,NOR,94.8,G7OEA,53.461836,-3.000585,
G7RPG,70CM,,430.0375,430.0375,AG,IO90LT,PORTSMOUTH,,SW,71.9,G7RPG,50.81,-1.08,
G8GNI,70CM,,430.0375,430.0375,AG,IO91JV,BICESTER,SP5606021623,SW,118.8,G8GNI,51.890363,-1.186812,
G8IQP,70CM,,430.0250,430.0250,AG,IO93GA,BELPER,SK3622145316,MIDL,71.9,G8IQP,53.003967,-1.461678,
G8PUO,70CM,,434.5250,434.5250,AG,JO00DT,EASTBOURNE,TQ598037,SE,88.5,G8PUO,50.811142,0.268897,
G8PZT,70CM,,430.0750,430.0750,AG,IO82UJ,KIDDERMINSTER,SO8287978128,WM,118.8,G8PZT,52.400928,-2.253045,
G8YYW,70CM,,434.5000,434.5000,AG,IO93SM,BRIGG,TA0320303266,MIDL,71.9,G8YYW,53.515966,-0.445032,
GB3AA,2M,RV53,145.6625,145.0625,AV,IO81RO,BRISTOL,ST627882,SW,94.8,G4CJZ,51.591373,-2.539454,
GB3AC,70CM,RU78,430.9750,438.5750,AV,IO81SR,LYDNEY GLOS,SO673026,SW,94.8,G4CJZ,51.720088,-2.47364,
GB3AE,6M,R50-01,50.7200,51.2200,AV,IO71PR,TENBY,SN119058,WM,94.8,GW4AKZ,51.71930517,-4.724510366,
GB3AG,2M,RV58,145.7250,145.1250,AV,IO86ON,FORFAR,NO489417,SCOT,94.8,GM1CMF,56.56446931,-2.833069897,
GB3AH,70CM,RB11,433.2750,434.8750,AV,JO02KP,EAST DEREHAM,TF924103,SE,94.8,G0LGJ,52.656568,0.843184,
GB3AK,23CM,RM14A,1297.3500,1277.3500,AV,IO81RO,BRISTOL,ST627882,SW,94.8,G4CJZ,51.591373,-2.539454,
GB3AL,2M,RV59,145.7375,145.1375,AV,IO91QP,AMERSHAM,SU957955,SW,77,G0RDI,51.650179,-0.616768,
GB3AM,6M,R50-13,50.8400,51.3400,AV,IO91QP,AMERSHAM,SU957955,SW,77,G0RDI,51.650179,-0.616768,
GB3AN,70CM,RB08,433.2000,434.8000,AV,IO73UJ,AMLWCH,SH471906,WM,110.9,GW6DOK,53.390603,-4.301089,
GB3AP,2M,RV49,145.6125,145.0125,AV,IO71OV,HAVERFORDWEST,SN070275,WM,94.8,GW4AKZ,51.915900 ,-4.806600,
GB3AR,2M,RV56,145.7000,145.1000,AV,IO73VC,CAERNARFON,SH528608,WM,110.9,GW4KAZ,53.12399791,-4.201234658,
GB3AS,2M,RV48,145.6000,145.0000,AV,IO84LS,CARLISLE,NY337412,NOR,77,G1XSZ,54.761631,-3.031544,
GB3AU,70CM,RB07,433.1750,434.7750,AV,IO91QP,AMERSHAM,SU957955,SW,82.5,G0RDI,51.650179,-0.616768,
GB3AV,70CM,RB02,433.0500,434.6500,AV,IO91OT,AYLESBURY,SP819135,SW,118.8,G8BQH,51.8141423,-0.813319561,
GB3AW,70CM,RB10,433.2500,434.8500,AV,IO91HH,NEWBURY,SU417578,SW,71.9,G8DOR,51.3177891,-1.403015237,
GB3AY,2M,RV52,145.6500,145.0500,AV,IO75OR,DALRY,NS266519,SCOT,103.5,MM0YET,55.72938605,-4.762879126,
GB3BB,2M,RV56,145.7000,145.1000,AV,IO81HW,BRECON,SO090319,WM,94.8,MW0UAA,51.967638,-3.340583,
GB3BC,2M,RV60,145.7500,145.1500,AV,IO81IO,PONTYPRIDD,ST098911,WM,94.8,GW6CUR,51.611936,-3.303328,
GB3BE,70CM,RU69,430.8625,438.4625,AV,IO85SS,DUNS,NT730540,SCOT,118.8,GM7LUN,55.78,-2.42,
GB3BF,2M,RV63,145.7875,145.1875,AV,IO92SD,BEDFORD,TL043514,MIDL,77,G8MGP,52.15104442,-0.476977621,
GB3BG,70CM,RB09,433.2250,434.8250,AV,IO81KS,BLAENAVON,SO2532309385,WM,94.8,GW7LOP,51.778365,-3.083557,
GB3BI,2M,RV58,145.7250,145.1250,AV,IO77WO,INVERNESS,NH877409,SCOT,67,GM1VAD,57.62,-4.11,
GB3BK,23CM,RM0A,1299.8500,1293.8500,AV,JO01AK,BROMLEY,TQ398717,SE,103.5,G0WYG,51.427071,0.009475,
GB3BL,70CM,RB07,433.1750,434.7750,AV,IO92SD,BEDFORD,TL067504,MIDL,77,G8MGP,52.14159925,-0.442227328,
GB3BM,2M,RV57,145.7125,145.1125,AV,IO92BL,BIRMINGHAM,SP077852,MIDL,67,G8AMD,52.464471,-1.888401,
GB3BN,70CM,RB0,433.0000,434.6000,AV,IO91OJ,BRACKNELL,SU838690,SW,118.8,G8DOR,51.41383782,-0.796390086,
GB3BR,70CM,RB06,433.1500,434.7500,AV,IO90WT,BRIGHTON,TQ328051,SE,88.5,G4PAP,50.83021126,-0.115657221,
GB3BS,70CM,RU68,430.8500,438.4500,AV,IO81TK,BRISTOL CITY,ST716702,SW,118.8,G4SDR,51.4305401,-2.4090501,
GB3BT,2M,RV56,145.7000,145.1000,AV,IO85WT,BERWICK ON TWEED,NT948583,SCOT,118.8,GM1JFF,55.81793262,-2.084538855,
GB3BV,70CM,RB01,433.0250,434.6250,AV,IO91SR,HEMEL HEMPSTEAD,TL084041,SE,118.8,G8BQH,51.72515219,-0.431968359,
GB3BX,2M,RV54,145.6750,145.0750,AV,IO82QN,MUCH WENLOCK,SO370309,WM,146.2,M1GIZ,52.58,-2.59,
GB3BZ,70CM,RU68,430.8500,438.4500,AV,JO01GW,BRAINTREE,TL741287,SE,110.9,G0DEC,51.9294001,0.5309001,
GB3CA,70CM,RB13,433.3250,434.9250,AV,IO84OT,CARLISLE,NY469473,NOR,77,G1XSZ,54.816426,-2.827344,
GB3CB,70CM,RB14,433.3500,434.9500,AV,IO92BL,BIRMINGHAM,SP077852,MIDL,67,G8VIQ,52.464471,-1.888401,
GB3CC,70CM,RU77,430.9625,438.5625,AV,IO90RM,CHICHESTER,SU816053,SE,88.5,G3UEQ,50.841479,-0.842785,
GB3CD,2M,RV55,145.6875,145.0875,DM FUSION,IO94DR,CROOK,NZ165378,NOR,118.8,G0OCB,54.73491212,-1.745260566,
GB3CE,70CM,RB14,433.3500,434.9500,AV,JO01KV,COLCHESTER,TL9949027311,SE,110.9,G7HJK,51.908609,0.898778,
GB3CF,2M,RV48,145.6000,145.0000,AV,IO92IQ,MARKFIELD  LEICESTER,SK486108,MIDL,77,G4AFJ,52.692751,-1.282379,
GB3CG,2M,RV58,145.7250,145.1250,AV,IO81VU,GLOUCESTER,SO881188,SW,118.8,G3LVP,51.868313,-2.175461,
GB3CH,70CM,RB02,433.0500,434.6500,AV,IO70SM,LISKEARD,SX2714170595,SW,77,G4RKY,50.509558,-4.439298,
GB3CI,70CM,RB02,433.0500,434.6500,AV,IO92PM,CORBY,SP894913,MIDL,77,G7HPE,52.511175,-0.681997,
GB3CJ,10M,,29.6400,29.5400,AV,IO92NF,NORTHAMPTON,SP756609,MIDL,77,G4SCJ,52.241583,-0.894095,
GB3CK,70CM,RB0,433.0000,434.6000,AV,JO01JF,CHARING KENT,TQ948512,SE,103.5,M0ZAA,51.2267393,0.78853692,
GB3CL,70CM,RB09,433.2250,434.8250,AV,JO01OT,CLACTON,TM218172,SE,103.5,G7HJK,51.809005,1.214993,
GB3CM,70CM,RB08,433.2000,434.8000,AV,IO71VW,CARMARTHEN,SN475273,WM,94.8,GW8KCY,51.92328293,-4.219067442,
GB3CO,2M,RV53,145.6625,145.0625,AV,IO92PM,CORBY,SP894913,MIDL,77,G1DIW,52.511175,-0.681997,
GB3CP,2M,RV59,145.7375,145.1375,AV,IO64IG,FERMANAGH,IH511810,NI,110.9,GI8RLE,54.270833,-7.272222,
GB3CR,70CM,RB06,433.1500,434.7500,AV,IO83LC,CAERGWRLE,SJ295570,WM,110.9,M0OBW,53.1055199,-3.052777,
GB3CS,2M,RV60,145.7500,145.1500,AV,IO75XX,KILSYTH,NS731802,SCOT,103.5,GM8HBY,55.997548,-4.038132,
GB3CT,6M,R50-14,50.8500,51.3500,AV,IO92MG,NORTHAMPTON,SP714626,MIDL,77,G7SYT,52.257592,-0.954185,
GB3CV,70CM,RB09,433.2250,434.8250,AV,IO92GK,COVENTRY,SP377816,MIDL,67,G7TRJ,52.431437,-1.445911,
GB3CW,70CM,RB04,433.1000,434.7000,AV,IO82HL,NEWTOWN POWYS,SO050875,WM,103.5,GW4NQJ,52.477385,-3.399617,
GB3DA,2M,RV58,145.7250,145.1250,AV,JO01GR,DANBURY,TL779050,SE,110.9,G6JYB,51.715717,0.574423,
GB3DB,6M,R50-06,50.7700,51.2700,AV,JO01HR,DANBURY,TL795061,SE,110.9,G6JYB,51.723006,0.597557,
GB3DC,2M,RV55,145.6875,145.0875,AV,IO92GW,DERBY,SK380377,MIDL,71.9,G7NPW,52.93536308,-1.436058446,
GB3DD,70CM,RB10,433.2500,434.8500,DM FUSION,IO86MM,DUNDEE,NO406351,SCOT,94.8,GM4UGF,56.504656,-2.965807,
GB3DE,70CM,RB07,433.1750,434.7750,AV,JO02NF,IPSWICH,TM118646,SE,110.9,G1NRL,52.237221,1.101053,
GB3DG,2M,RV62,145.7750,145.1750,AV,IO74UV,NEWTON STEWART,NX524578,SCOT,103.5,MM1BHO,54.893613,-4.302849,
GB3DI,70CM,RB06,433.1500,434.7500,AV,IO91IN,DIDCOT,SU480861,SW,118.8,G8CUL,51.571673,-1.308999,
GB3DM,70CM,RU74,430.9250,438.5250,AV,IO75RW,DUMBARTON,NS42457612,SCOT,103.5,GM0RTY,55.95204169,-4.524009313,
GB3DM,70CM,RU74,430.9250,438.5250,DM FUSION,IO75RW,DUMBARTON,NS42457612,SCOT,103.5,GM0RTY,55.95204169,-4.524009313,
GB3DN,2M,RV51,145.6375,145.0375,AV,IO70UW,STIBB CROSS,SS413163,SW,77,G1BHM,50.924572,-4.259055,
GB3DQ,70CM,RU78,430.9750,438.5750,AV,IO70RI,POLPERRO,SX213517,SW,77,G1YDQ,50.338771,-4.511781,
GB3DR,2M,RV59,145.7375,145.1375,AV,IO80QR,DORCHESTER,SY677858,SW,71.9,G8NIC,50.74,-2.64,
GB3DS,70CM,RB13,433.3250,434.9250,AV,IO93KH,WORKSOP,SK584788,MIDL,71.9,G3XXN,53.302525,-1.126634,
GB3DT,70CM,RB0,433.0000,434.6000,AV,IO80WU,BLANDFORD CAMP,ST916079,SW,71.9,G8BXQ,50.87054233,-2.120730285,
GB3DU,2M,RV61,145.7625,145.1625,AV,IO85SS,DUNS,NT730540,SCOT,118.8,GM7LUN,55.78,-2.42,
GB3DV,70CM,RB01,433.0250,434.6250,AV,IO93JK,MALTBY,SK538923,NOR,71.9,G0EPX,53.42476047,-1.191834575,
GB3DW,2M,RV53,145.6625,145.0625,AV,IO72VW,CRICCIETH,SH5136140175,WM,,GW4KAZ,52.938354,-4.213240,
GB3DX,70CM,RB12,433.3000,434.9000,AV,IO65HA,LONDONDERRY,IC407182,NI,110.9,GI4YWT,55.01005,-7.3643,
GB3DY,70CM,RB10,433.2500,434.8500,AV,IO93FB,WIRKSWORTH,SK305516,MIDL,71.9,G3ZYC,53.06078565,-1.546334049,
GB3EA,2M,RV55,145.6875,145.0875,AV,JO02GE,WICKHAMBROOK,TL742577,SE,110.9,G1YFF,52.1906501,0.547187,
GB3EB,2M,RV63,145.7875,145.1875,AV,JO00DT,EASTBOURNE,TQ616045,SE,88.5,G8PUO,50.817495,0.29222333,
GB3ED,70CM,RB14,433.3500,434.9500,AV,IO85JW,EDINBURGH,NT242718,SCOT,94.8,GM4GZW,55.93326751,-3.214838752,
GB3EE,70CM,RB12,433.3000,434.9000,AV,IO93FE,CHESTERFIELD,SK342665,MIDL,71.9,G1SLE,53.19449274,-1.489543438,
GB3EF,6M,R50-01,50.7200,51.2200,AV,JO02NF,STOWMARKET,TM119644,SE,110.9,G1YFF,52.237221,1.101053,
GB3EH,70CM,RB08,433.2000,434.8000,AV,IO92GC,EDGE HILL,SP361457,SW,67,G4OHB,52.1084591,-1.474287316,
GB3EK,70CM,RU71,430.8875,438.4875,AV,JO01QJ,MARGATE,TR370702,SE,103.5,G4TKR,51.38133646,1.404490472,
GB3EL,2M,RV48,145.6000,145.0000,AV,JO01AM,LONDON,TQ416835,SE,82.5,G4RZZ,51.53265624,0.040088871,
GB3ER,70CM,RB03,433.0750,434.6750,AV,JO01GR,DANBURY,TL779050,SE,110.9,G6JYB,51.715717,0.574423,
GB3ES,2M,RV54,145.6750,145.0750,AV,JO00HV,HASTINGS,TQ824121,SE,103.5,G6ZZX, 50.880033,0.592193,
GB3EV,2M,RV56,145.7000,145.1000,AV,IO84SQ,DUFTON,NY704318,NOR,77,G7ITT,54.679792,-2.461969,
GB3EW,2M,RV49,145.6125,145.0125,AV,IO80FR,EXETER,SX925943,SW,77,G8XQQ,50.738737,-3.522473,
GB3EX,70CM,RU76,430.9500,438.5500,AV,IN89GW,SILVERTON,SS965051,SW,77,G7NBU,50.835922,-3.470277,
GB3EZ,70CM,RU78,430.9750,438.5750,AV,JO02GE,WICKHAMBROOK,TL742577,SE,110.9,G1YFF,52.1906501,0.547187,
GB3FC,70CM,RU68,430.8500,438.4500,AV,IO83LU,BLACKPOOL,SD312408,NOR,82.5,G6AOS,53.85884893,-3.047507993,
GB3FE,2M,RV53,145.6625,145.0625,AV,IO86BC,STIRLING,NS853920,SCOT,103.5,GM0MZB,56.107286,-3.84598,
GB3FF,2M,RV48,145.6000,145.0000,AV,IO86GC,KELTY,NT090930,SCOT,103.5,GM7LUN,56.12,-3.47,
GB3FG,2M,RV57,145.7125,145.1125,AV,IO71WW,CARMARTHEN,SN517267,WM,94.8,GW8KCY,51.918685,-4.157339,
GB3FH,6M,R50-06,50.7700,51.2700,AV,IO81OH,SOMERSET,ST436557,SW,77,G4RKY,51.29783,-2.80973,
GB3FI,70CM,RU74,430.9250,438.5250,AV,IO81OH,CHEDDAR,ST436557,SW,77,G4RKY,51.29783,-2.80973,
GB3FJ,70CM,RU76,430.9500,438.5500,AV,IO93XE,ASGARBY,TF334669,MIDL,71.9,G3ZPU,53.182302,-0.005167,
GB3FK,2M,RV60,145.7500,145.1500,AV,JO01OC,FOLKESTONE,TR218355,SE,103.5,M1CMN,51.088174,1.173074,
GB3FM,23CM,RM2,1297.0500,1291.0500,AV,IO91OF,FARNHAM,SU821494,SE,100,G4EPX,51.23788549,-0.82533887,
GB3FN,70CM,RB15,433.3750,434.9750,AV,IO91OF,FARNHAM,SU821494,SE,82.5,G4EPX,51.23788549,-0.82533887,
GB3FR,2M,RV62,145.7750,145.1750,AV,JO03AE,SPILSBY LINCS.,TF350680,MIDL,71.9,G8SFU,53.191471,0.020518,
GB3FX,6M,R50-10,50.8100,51.3100,AV,IO91OF,FARNHAM,SU821494,SE,82.5,G4EPX,51.23788549,-0.82533887,
GB3GB,70CM,RB12,433.3000,434.9000,AV,IO92BN,BIRMINGHAM,SP065965,MIDL,67,G8NDT,52.56629399,-1.905523042,
GB3GC,6M,R50-02,50.7300,51.2300,AV,IO70WN,GUNNISLAKE,SX407714,SW,77.0,M0YDW,50.520801,-4.247996,
GB3GD,2M,RV50,145.6250,145.0250,AV,IO74SG,SNAEFELL IOM,SC397879,NOR,110.9,GD4HOZ,54.26158111,-4.462586136,
GB3GF,70CM,RB12,433.3000,434.9000,AV,IO91RF,GUILDFORD,SU991488,SE,88.5,G4EML,51.22979556,-0.582063713,
GB3GH,70CM,RB05,433.1250,434.7250,AV,IO81VU,GLOUCESTER,SO880188,SW,118.8,G3LVP,51.868313,-2.175461,
GB3GJ,2M,RV51,145.6375,145.0375,AV,IN89WE,ST HELIER,,SW,,GJ8PVL,49.200032,-2.114182,
GB3GL,70CM,RU72,430.9000,438.5000,AV,IO75WU,GLASGOW,NS684638,SCOT,103.5,GM3SAN,55.84978249,-4.102802313,
GB3GN,2M,RV62,145.7750,145.1750,AV,IO87TA,BANCHORY,NO783919,SCOT,67,GM4ZUK,57.017715,-2.359003,
GB3GO,2M,RV63,145.7875,145.1875,AV,IO83BH,LLANDUDNO,SH767833,WM,110.9,GW6STK,53.332275,-3.854829,
GB3GR,70CM,RU75,430.9375,438.5375,AV,IO92RV,GRANTHAM,SK9532035591,MIDL,71.9,G8SAU,52.909303,-0.5840724,
GB3GT,6M,R50-12,50.8300,51.3300,AV,IO82QJ,LUDLOW,SO615761,WM,103.5,G1MAW,52.39,-2.58,
GB3GU,70CM,RB13,433.3250,434.9250,AV,IN89RK,GUERNSEY,GY1 2DL,SW,71.9,GU6EFB,49.457211,-2.536785,
GB3GX,10M,,29.6900,29.5900,AV,IO82QJ,LUDLOW,SO615761,WM,103.5,G1MAW,52.39,-2.58,
GB3GY,70CM,RB11,433.2750,434.8750,AV,IO93XN,GRIMSBY,TA2782810025,MIDL,88.5,G0ATW,53.57191887,-0.069972015,
GB3HA,2M,RV60,145.7500,145.1500,AV,IO85XA,HEXHAM,NY984707,NOR,118.8,G7UUR,55.032265,-2.027577,
GB3HB,70CM,RB15,433.3750,434.9750,AV,IO70OJ,ST AUSTELL,SW991574,SW,77,G3IGV,50.382111,-4.826318,
GB3HC,70CM,RB06,433.1500,434.7500,DM FUSION,IO82PB,HEREFORD,SO5196541067,WM,118.8,G0JWJ,52.06589,-2.702135,
GB3HD,70CM,RB09,433.2250,434.8250,AV,IO93BP,HUDDERSFIELD,SE085166,NOR,82.5,G0ISX,53.645938,-1.873451,
GB3HE,70CM,RU74,430.9250,438.5250,AV,JO00HV,HASTINGS,TQ8251012030,SE,103.5,G8PUO,50.878994,0.59310621,
GB3HF,6M,R50-05,50.7600,51.2600,AV,IO93HO,BARNSLEY,SE426101,NOR,71.9,G4LUE,53.585743,-1.358101,
GB3HG,2M,RV50,145.6250,145.0250,AV,IO94JF,THIRSK,SE516817,NOR,88.5,G8PXB,54.228928,-1.209444,
GB3HH,2M,RV56,145.7000,145.1000,AV,IO93BF,BUXTON,SK063698,MIDL,71.9,G7EKY,53.225034,-1.907865,
GB3HI,2M,RV56,145.7000,145.1000,AV,IO76DK,ISLE OF MULL,NM703358,SCOT,103.5,MM0JRM,56.45821551,-5.729709446,
GB3HJ,70CM,RB01,433.0250,434.6250,AV,IO94EB,HARROGATE,SE227632,NOR,118.8,G4MEM,54.064669,-1.654279,
GB3HK,70CM,RB02,433.0500,434.6500,AV,IO85ON,SELKIRK,NT5046429684,SCOT,118.8,GM0FTJ,55.558311,-2.786858,
GB3HM,6M,R50-11,50.8200,51.3200,AV,IO93GA,BELPER,SK362453,MIDL,71.9,G8IQP,53.0036901,-1.5616901,
GB3HN,70CM,RB11,433.2750,434.8750,AV,IO91VW,HITCHIN,TL205270,SE,82.5,G4LOO,51.92848206,-0.248904681,
GB3HR,70CM,RB14,433.3500,434.9500,AV,IO91TO,HARROW,TQ139929,SE,82.5,G3YXZ,51.622968,-0.356614,
GB3HS,2M,RV52,145.6500,145.0500,DM FUSION,IO93RT,WALKINGTON,SE951351,NOR,88.5,G0VRM,53.803822,-0.557626,
GB3HT,70CM,RB11,433.2750,434.8750,AV,IO92HN,HINCKLEY,SP427943,MIDL,77,G4ALB,52.54488748,-1.371767542,
GB3HW,70CM,RB13,433.3250,434.9250,AV,JO01CO,ROMFORD,TQ533895,SE,110.9,G4GBW,51.58351128,0.21125328,
GB3IC,70CM,RB05,433.1250,434.7250,AV,IO82WO,WOLVERHAMPTON,SJ933003,MIDL,67,M0VRR,52.600846,-2.099358,
GB3IE,70CM,RU68,430.8500,438.4500,AV,IO70XJ,PLYMOUTH,SX501566,SW,77,G7DQC,50.389618,-4.118251,
GB3IG,2M,RV62,145.7750,145.1750,AV,IO68QE,STORNOWAY,NB306305,SCOT,88.5,GM0LZE,58.18082466,-6.584493401,
GB3IH,70CM,RB04,433.1000,434.7000,AV,JO02OB,IPSWICH,TM193447,SE,110.9,G7CIY,52.05725596,1.197433163,
GB3IK,2M,RV61,145.7625,145.1625,AV,JO01FJ,ROCHESTER,TQ731701,SE,103.5,G6CKK,51.403842,0.488893,
GB3IM-C,70CM,RU66,430.8250,438.4250,AV,IO74SD,DOUGLAS  IOM,SC371745,NOR,110.9,GD4HOZ,54.140585,-4.493089,
GB3IM-R,70CM,RU66,430.8250,438.4250,AV,IO74TI,RAMSEY  IOM,SC450988,NOR,71.9,GD4HOZ,54.361421,-4.386029,
GB3IM-S,70CM,RB05,433.1250,434.7250,AV,IO74SG,DOUGLAS  IOM,SC397879,NOR,110.9,GD4HOZ,54.263891,-4.460962,
GB3IN,2M,RV51,145.6375,145.0375,DM DSTAR,IO93GD,MATLOCK,SK354595,MIDL,71.9,G4TSN,53.131492,-1.472371,
GB3IP,2M,RV61,145.7625,145.1625,AV,IO82WS,STAFFORD,SJ895191,MIDL,103.5,G7PFT,52.76939413,-2.157051464,
GB3IR,2M,RV61,145.7625,145.1625,AV,IO94DJ,RICHMOND YORKS,NZ166019,NOR,88.5,G4FZN,54.41228629,-1.745721703,
GB3IS,2M,RV60,145.7500,145.1500,AV,IO77BF,BROADFORD,NG683233,SCOT,88.5,GM8RBR,57.240996,-5.841411,
GB3IW,70CM,RB09,433.2250,434.8250,AV,IO90JQ,RYDE,SZ5473487216,SW,71.9,G4IKI,50.682049,-1.226580,
GB3JB,2M,RV63,145.7875,145.1875,AV,IO81VC,MERE WILTSHIRE,ST867333,SW,103.5,G3ZXX,51.098848,-2.191317,
GB3JC,70CM,RU72,430.9000,438.5000,AV,JO02QP,NORWICH,TG27991003,SE,94.8,M0ZAH,52.640182,1.368362,
GB3JL,2M,RV63,145.7875,145.1875,AV,IO70SM,LISKEARD,SX2714170595,SW,77,G4RKY,50.509558,-4.439298,
GB3JS,70CM,RB01,433.0250,434.6250,AV,JO02UO,GREAT YARMOUTH  ,TG5230307530,SE,94.8,M0JGX,52.606936,1.724918,
GB3JX,6M,R50-12,50.8300,51.3300,AV,JO02QP,NORWICH,TG27991003,SE,94.8,M0ZAH,52.640182,1.368362,
GB3KC,70CM,RU72,430.9000,438.5000,AV,IO82WK,STOURBRIDGE,SO921828,MIDL,67,G0EWH,52.442972,-2.118333,
GB3KD,2M,RV63,145.7875,145.1875,AV,IO82UJ,KIDDERMINSTER,SO829781,WM,118.8,G8PZT,52.4006462,-2.252741538,
GB3KE,2M,RV55,145.6875,145.0875,DM FUSION,IO75UV,GLASGOW,NS558715,SCOT,103.5,GM7SVK,55.915251,-4.307676,
GB3KI,2M,RV53,145.6625,145.0625,DM DSTAR,JO01NI,HERNE BAY,TR192672,SE,103.5,G4TKR,51.3619444,1.1480556,
GB3KK,70CM,RU78,430.9750,438.5750,AV,IO65VE,BALLYCASTLE,NW300968,NI,110.9,MI0MRV,55.191845,-6.243352,
GB3KL,70CM,RB04,433.1000,434.7000,AV,JO02FR,KINGS LYNN,TF636155,SE,94.8,G0IJU,52.712612,0.420522,
GB3KN,2M,RV56,145.7000,145.1000,AV,JO01GH,MAIDSTONE,TQ798596,SE,103.5,G3VFC,51.308403,0.578343,
GB3KR,70CM,RB03,433.0750,434.6750,AV,IO82UJ,KIDDERMINSTER,SO819795,WM,67,G8NTU,52.41319982,-2.267515252,
GB3KS,2M,RV50,145.6250,145.0250,AV,JO01PA,DOVER,TR320435,SE,103.5,M1CMN,51.144610,1.316786,
GB3KV,70CM,RU78,430.9750,438.5750,AV,IO75XX,KILSYTH,NS731802,SCOT,103.5,GM3SAN,55.997548,-4.038132,
GB3KY,2M,RV57,145.7125,145.1125,AV,JO02FS,KINGS LYNN,TF673233,SE,94.8,G1SCQ,52.78135353,0.479104298,
GB3LA,2M,RV57,145.7125,145.1125,AV,IO85CJ,SANQUHAR,NS8901010666,SCOT,103.5,GM3SAN,55.3773823756,-3.7531445713,
GB3LB,2M,RV63,145.7875,145.1875,AV,IO85NS,LAUDER,NT343607,SCOT,118.8,GM7LUN,55.78,-2.88,
GB3LC,70CM,RB09,433.2250,434.8250,AV,IO93WH,LOUTH,TF2534982531,MIDL,71.9,G7AJP,53.3249701,-0.1195001,
GB3LD,2M,RV54,145.6750,145.0750,AV,IO84OA,LANCASTER,SD501599,NOR,110.9,G3VVT,54.032477,-2.763189,
GB3LE,70CM,RB04,433.1000,434.7000,AV,IO92IQ,MARKFIELD  LEICESTER,SK486108,MIDL,77,M1NAS,52.692751,-1.282379,
GB3LF,70CM,RB14,433.3500,434.9500,AV,IO84PH,KENDAL,SD543920,NOR,110.9,G3VVT,54.321265,-2.704802,
GB3LH,70CM,RB15,433.3750,434.9750,AV,IO82OP,SHREWSBURY,SJ470067,WM,103.5,G8DIR,52.655031,-2.785021,
GB3LI,70CM,RB10,433.2500,434.8500,AV,IO83LL,LIVERPOOL,SJ328965,NOR,82.5,G3WIC,53.46094612,-3.013586145,
GB3LL,70CM,RB0,433.0000,434.6000,AV,IO83BH,LLANDUDNO,SH767833,WM,110.9,GW6SIX,53.332275,-3.854829,
GB3LM,2M,RV58,145.7250,145.1250,AV,IO93RF,LINCOLN,SK978718,MIDL,71.9,G7AVU,53.23423952,-0.53619847,
GB3LP,6M,R50-04,50.7500,51.2500,AV,IO83MK,LIVERPOOL,SJ381939,NOR,77,M1SWB,53.43822965,-2.933259738,
GB3LR,70CM,RU69,430.8625,438.4625,AV,JO00AS,NEWHAVEN,TQ448001,SE,88.5,G0TJH,50.783216,0.054071,
GB3LS,70CM,RB02,433.0500,434.6500,AV,IO93RF,LINCOLN,SK978718,MIDL,71.9,G7AVU,53.23423952,-0.53619847,
GB3LT,70CM,RB10,433.2500,434.8500,AV,IO91SV,LUTON,TL062248,MIDL,77,G8XTW,51.91161869,-0.457467281,
GB3LU,2M,RV54,145.6750,145.0750,AV,IP90JD,SHETLAND,HU442403,SCOT,77,GM4SLV,60.144541,-1.206523,
GB3LV,70CM,RB02,433.0500,434.6500,AV,IO91XP,NORTH LONDON,TQ328966,SE,82.5,G4DFB,51.65251346,-0.081750072,
GB3LW,70CM,RU72,430.9000,438.5000,AV,IO91WM,LONDON,TQ312804,SE,82.5,G4RFC,51.5073,-0.1109,
GB3LY,2M,RV48,145.6000,145.0000,AV,IO65NC,LIMAVADY  N.I,IC711296,NI,110.9,GI3USS,55.10838,-6.88717,
GB3MA,70CM,RB01,433.0250,434.6250,AV,IO83UO,BURY,SD833133,NOR,82.5,G7LWT,53.6159804,-2.253903051,
GB3MD,70CM,RU68,430.8500,438.4500,AV,IO93KD,MANSFIELD,SK515562,MIDL,71.9,G0UYQ,53.12970119,-1.160015438,
GB3ME,70CM,RB06,433.1500,434.7500,AV,IO92JJ,RUGBY,SP518756,MIDL,67,G7BQM,52.375238,-1.240459,
GB3MF,70CM,RB02,433.0500,434.6500,AV,IO83WG,MACCLESFIELD,SJ938763,NOR,103.5,G1JVF,53.283348,-2.0943493,
GB3MG,70CM,RU72,430.9000,438.5000,AV,IO81IO,PONTYPRIDD,ST098911,WM,94.8,GW6CUR,51.611936,-3.303328,
GB3MH,2M,RV50,145.6250,145.0250,AV,IO91WC,EAST GRINSTEAD,TQ337354,SE,88.5,G3NZP,51.102217,-0.090851,
GB3MI,2M,RV57,145.7125,145.1125,DM DSTAR,IO83VM,MANCHESTER,SD843021,NOR,82.5,G0TOG,53.51534337,-2.238219831,
GB3MK,70CM,RB0,433.0000,434.6000,DM FUSION,IO92OB,MILTON KEYNES,SP852391,SW,77,G4CAK,52.04376043,-0.759130884,
GB3MM,23CM,RM6,1297.1500,1291.1500,AV,IO82XP,WOLVERHAMPTON,SJ945036,MIDL,67,G4OKE,52.630662,-2.082001,
GB3MN,2M,RV52,145.6500,145.0500,DM FUSION,IO83XH,DISLEY,SJ973814,NOR,82.5,G8LZO,53.329411,-2.041337,
GB3MP,2M,RV60,145.7500,145.1500,AV,IO83IF,DENBIGH,SJ123701,WM,110.9,M0OBW,53.22069099,-3.314946889,
GB3MR,70CM,RB14,433.3500,434.9500,AV,IO83XH,STOCKPORT,SJ973814,NOR,82.5,G8LZO,53.329411,-2.041337,
GB3MS,70CM,RB07,433.1750,434.7750,AV,IO82VE,WORCESTER,SO878549,WM,67,G7WIG,52.192641,-2.181556,
GB3MT,70CM,RU72,430.9000,438.5000,AV,IO64QS,MAGHERAFELT,H9019990491,NI,110.9,MI0GRN,54.754424,-6.5996376,
GB3MW,70CM,RB10,433.2500,434.8500,AV,IO92FH,LEAMINGTON SPA,SP335672,MIDL,67,G6FEO,52.301298,-1.510695,
GB3NA,2M,RV49,145.6125,145.0125,AV,IO93GK,SHEFFIELD,SK333925,NOR,71.9,G4LUE,53.428072,-1.499001,
GB3NB,2M,RV50,145.6250,145.0250,AV,JO02PN,NORWICH,TG258026,SE,94.8,G8VLL,52.574742,1.331647,
GB3NC,2M,RV58,145.7250,145.1250,AV,IO70OJ,ST AUSTELL,SW991574,SW,77,G3IGV,50.382111,-4.826318,
GB3ND,70CM,RB14,433.3500,434.9500,AV,IO71VA,BIDEFORD,SS441258,SW,77,G4SOF,51.0109301,-4.223421,
GB3NE,2M,RV61,145.7625,145.1625,AV,IO91HJ,NEWBURY,SU454648,SW,118.8,G8JIP,51.38044433,-1.349036377,
GB3NF,2M,RV50,145.6250,145.0250,AV,IO92KX,NOTTINGHAM,SK583429,MIDL,77,G4NRZ,52.980011,-1.132865,
GB3NG,2M,RV50,145.6250,145.0250,AV,IO87XO,FRASERBURGH,NJ981569,SCOT,67,GM4ZUK,57.602199,-2.032831,
GB3NH,70CM,RB03,433.0750,434.6750,AV,IO92NF,NORTHAMPTON,SP756609,MIDL,77,G4YKE,52.241583,-0.894095,
GB3NI,2M,RV58,145.7250,145.1250,AV,IO74CO,BELFAST  N.I.,IJ405767,NI,110.9,GI3USS,54.619484,-5.823939,
GB3NK,70CM,RB04,433.1000,434.7000,AV,JO01BL,ERITH,TQ498769,SE,103.5,G4EGU,51.47124029,0.155421552,
GB3NL,2M,RV62,145.7750,145.1750,AV,IO91XP,NORTH LONDON,TQ328966,SE,82.5,G4DFB,51.65251346,-0.081750072,
GB3NM,70CM,RB07,433.1750,434.7750,AV,IO92KX,NOTTINGHAM,SK583428,MIDL,71.9,G4IRX,52.980011,-1.132865,
GB3NN,70CM,RB02,433.0500,434.6500,AV,JO02JV,WELLS NORFOLK,TF904385,SE,94.8,G0FVF,52.91018083,0.83004415,
GB3NO,23CM,RM0,1297.0000,1291.0000,AV,JO02PP,NORWICH,TG224084,SE,94.8,G8VLL,52.627000,1.283774,
GB3NP,70CM,RU71,430.8875,438.4875,DM FUSION,IO92LD,TOWCESTER,SP665524,MIDL,77,G4YKE,52.166483,-1.028982,
GB3NR,70CM,RB0,433.0000,434.6000,AV,JO02PP,NORWICH,TG224084,SE,94.8,G8VLL,52.627000,1.283774,
GB3NS,70CM,DVU54,439.6750,430.6750,AV,IO91WG,CATERHAM,TQ322542,SE,82.5,G0OLX,51.270872,-0.106743,
GB3NT,70CM,RB0,433.0000,434.6000,AV,IO94FW,NEWCASTLE/TYNE,NZ269601,NOR,118.8,G7UUR,54.93485679,-1.581686499,
GB3NU,70CM,RU71,430.8875,438.4875,AV,JO02OW,SHERINGHAM,TG157430,SE,94.8,G8SAU,52.940703,1.208846,
GB3NW,2M,RV50,145.6250,145.0250,AV,IO82VE,WORCESTER,SO875549,WM,67,G4IDF,52.192641,-2.181556,
GB3NX,70CM,RU68,430.8500,438.4500,AV,IO91WB,CRAWLEY SUSSEX,TQ292324,SE,88.5,G4EFO,51.076298,-0.157624,
GB3NY,70CM,RU66,430.8250,438.4250,AV,IO94VC,BRIDLINGTON,TA2154370654,NOR,88.5,M0DPH,54.104157,-0.205679,
GB3OA,2M,RV49,145.6125,145.0125,AV,IO83LP,SOUTHPORT,SD334417,NOR,82.5,G4EID,53.647978,-3.000805,
GB3OC,2M,RV52,145.6500,145.0500,AV,IO88LX,KIRKWALL,HY412117,SCOT,77,GM0HQG,58.98837421,-3.024826619,
GB3OH,70CM,RU76,430.9500,438.5500,AV,IO85EX,LINLITHGOW,NS975793,SCOT,94.8,GM0MZB,55.99567127,-3.644891186,
GB3OK,70CM,DVU41,439.5125,430.5125,AV,JO01BJ,BROMLEY,TQ4639368416,SE,82.5,G1HIG,51.395905,0.102901,
GB3OM,70CM,RU76,430.9500,438.5500,AV,IO64JQ,OMAGH,IH511810,NI,110.9,GI4SXV,54.674320,-7.209090,
GB3OV,70CM,RB05,433.1250,434.7250,AV,IO92VG,ST NEOTS,TL242652,MIDL,94.8,M1JUL,52.27093639,-0.1812116,
GB3OY,70CM,RU76,430.9500,438.5500,AV,JO01AO,BUCKHURST HILL,TQ407937,SE,82.5,G7UZN,51.624761,0.032259,
GB3PA,2M,RV50,145.6250,145.0250,AV,IO75QV,PAISLEY,NS382718,SCOT,103.5,GM7OAW,55.911497,-4.591193,
GB3PC,2M,RV62,145.7750,145.1750,AV,IO90KT,PORTSMOUTH,SU634004,SW,71.9,G8UCY,50.79970345,-1.101714756,
GB3PE,2M,RV54,145.6750,145.0750,AV,IO92TN,PETERBOROUGH,TF332042,SE,94.8,M0ZPU,52.618788,-0.033017,
GB3PI,2M,RV60,145.7500,145.1500,AV,IO92XA,ROYSTON,TL3723836475,SE,77,G4NBS,52.009764,-0.001845,
GB3PK,2M,RV53,145.6625,145.0625,AV,IO65WE,BALLYCASTLE NI,ID213403,NI,110.9,MI0CRR,55.19472,-6.09642,
GB3PL,2M,RV61,145.7625,145.1625,AV,IO70VM,E.CORNWALL,SX407714,SW,77,M0YDW,50.52065532,-4.248528125,
GB3PO,2M,RV52,145.6500,145.0500,AV,JO02OB,IPSWICH,TM193447,SE,110.9,G7CIY,52.05725596,1.197433163,
GB3PP,70CM,RB15,433.3750,434.9750,AV,IO83PS,PRESTON,SD536330,NOR,82.5,M0NED,53.791238,-2.705792853,
GB3PR,2M,RV54,145.6750,145.0750,AV,IO86GI,PERTH,NO102209,SCOT,94.8,GM8KPH,56.3725201,-3.455056,
GB3PS,23CM,RM3,1297.0750,1291.0750,AV,IO92XA,ROYSTON,TL3723836475,SE,77,G4NBS,52.009764,-0.001845,
GB3PU,70CM,RB0,433.0000,434.6000,DM FUSION,IO86GI,PERTH,NO102209,SCOT,94.8,GM8KPH,56.3725201,-3.455056,
GB3PW,2M,RV62,145.7750,145.1750,AV,IO82HL,NEWTOWN POWYS,SO050875,WM,103.5,GW4NQJ,52.477385,-3.399617,
GB3PX,6M,R50-07,50.7800,51.2800,AV,IO92XA,ROYSTON,TL3723836475,SE,77,G4NBS,52.009764,-0.001845,
GB3PY,70CM,RB08,433.2000,434.8000,AV,JO02AF,CAMBRIDGE,TL393594,SE,77,G4NBS,52.21521095,0.037551694,
GB3PZ,70CM,RU72,430.9000,438.5000,AV,IO83XL,DUKINFIELD,SJ955969,NOR,82.5,G4ZPZ,53.46882096,-2.069241198,
GB3RA,2M,RV51,145.6375,145.0375,AV,IO82JH,LLANDRINDOD WELLS, SO1867071350,WM,103.5,GW7UNV,52.334195,-3.195029,
GB3RB,70CM,RB08,433.2000,434.8000,AV,IO93IF,BOLSOVER,SK474706,MIDL,71.9,G1SLE,53.23033415,-1.291375216,
GB3RD,2M,RV54,145.6750,145.0750,AV,IO91JM,READING,SU555803,SW,118.8,G8DOR,51.519155,-1.201075,
GB3RE,70CM,RB11,433.2750,434.8750,AV,JO01HH,MAIDSTONE,TQ814585,SE,103.5,G6RVS,51.29672521,0.600542596,
GB3RF,2M,RV62,145.7750,145.1750,DM FUSION,IO83TR,ACCRINGTON,SD755272,NOR,82.5,G0BMH,53.740865,-2.371996,
GB3RH,70CM,RB11,433.2750,434.8750,AV,IO80MS,AXMINSTER,SY325966,SW,94.8,G6WWY,50.76505064,-2.958462452,
GB3RU,70CM,RB11,433.2750,434.8750,AV,IO91LK,READING,SU66617311,SW,118.8,G8DOR,51.452104,-1.043819,
GB3SB,2M,RV52,145.6500,145.0500,AV,IO85ON,SELKIRK,NT5046429684,SCOT,118.8,GM0FTJ,55.558311,-2.786858,
GB3SC,2M,RV50,145.6250,145.0250,AV,IO90BR,BOURNEMOUTH,SZ094916,SW,71.9,M0AUY,50.724396,-1.867786,
GB3SD,70CM,RB14,433.3500,434.9500,AV,IO80SQ,WEYMOUTH,SY688902,SW,71.9,G0EVW,50.67,-2.46,
GB3SE,23CM,RM3,1297.0750,1291.0750,AV,IO83WA,STOKE ON TRENT,SJ937472,MIDL,103.5,G8NSS,53.03,-2.10,
GB3SF,70CM,RU78,430.9750,438.5750,AV,IO81DA,SOUTH MOLTON,SS783279,SW,77,G6SQX,51.038526,-3.735831,
GB3SG,70CM,RB15,433.3750,434.9750,AV,IO81LR,PONTYPOOL,SO265038,WM,94.8,GW6CUR,51.728165,-3.065507,
GB3SI,2M,RV50,145.6250,145.0250,AV,IO70IC,HELSTON,SW662285,SW,77,M1ERD,50.110920,-5.270690,
GB3SK,70CM,RB06,433.1500,434.7500,AV,JO01MH,CANTERBURY,TR137599,SE,103.5,G6DIK,51.29809901,1.06401846,
GB3SL,6M,R50-02,50.7300,51.2300,AV,IO75XX,KILSYTH,NS731802,SCOT,103.5,GM4COX,55.997548,-4.038132,
GB3SM,70CM,RB13,433.3250,434.9250,AV,IO93BA,STOKE ON TRENT,SK059488,MIDL,103.5,G4SCY,53.036446,-1.913464,
GB3SN,2M,RV58,145.7250,145.1250,AV,IO91LC,ALTON HANTS,SU673361,SW,71.9,G4EPX,51.119772,-1.040205,
GB3SO,70CM,RB0,433.0000,434.6000,AV,JO03DH,SUTTON ON SEA,TF518250,MIDL,71.9,M0MFP,53.312548,0.276216,
GB3SP,70CM,RB04,433.1000,434.7000,AV,IO71OQ,PEMBROKE,SN042009,WM,94.8,GW4VRO,51.67266643,-4.833087781,
GB3SS,2M,RV48,145.6000,145.0000,DM FUSION,IO87MO,ELGIN MORAY,NJ424582,SCOT,67,GM4ILS,57.61010187,-2.965645638,
GB3ST,70CM,RB09,433.2250,434.8250,AV,IO83WA,STOKE ON TRENT,SJ937472,MIDL,103.5,G8NSS,53.03,-2.10,
GB3SW,2M,RV57,145.7125,145.1125,AV,IO80JR,SIDMOUTH,SY1579292286,SW,77,G6XUV,50.7235,-3.19312,
GB3SX,6M,R50-08,50.7900,51.2900,AV,IO93BA,STOKE ON TRENT,SK059488,MIDL,103.5,G4SCY,53.036446,-1.913464,
GB3SY,70CM,RB06,433.1500,434.7500,AV,IO93HN,BARNSLEY,SE395079,NOR,71.9,G4LUE,53.566544,-1.404422,
GB3SZ,70CM,RB15,433.3750,434.9750,AV,IO90BR,BOURNEMOUTH,SZ094916,SW,71.9,M0AUY,50.724396,-1.867786,
GB3TA,2M,RV59,145.7375,145.1375,AV,IO92DP,TAMWORTH,SK210049,MIDL,67,M0TSD,52.641743,-1.690839,
GB3TD,70CM,RB03,433.0750,434.6750,AV,IO91DL,SWINDON,SU208765,SW,118.8,G4XUT,51.487055,-1.700663,
GB3TF,70CM,RB08,433.2000,434.8000,AV,IO82RP,LITTLE WENLOCK,SJ648070,WM,103.5,G3UKV,52.659787,-2.520735,
GB3TH,70CM,RB15,433.3750,434.9750,AV,IO92DP,TAMWORTH,SK203042,MIDL,67,G8MKT,52.63517698,-1.701464052,
GB3TJ,70CM,RB12,433.3000,434.9000,AV,IO85XA,CORBRIDGE,NY984707,NOR,118.8,G7UUR,55.03082681,-2.026549673,
GB3TO,2M,RV49,145.6125,145.0125,DM DSTAR,IO92NE,NORTHAMPTON,SP768538,MIDL,77,G6NYH,52.17712169,-0.878270602,
GB3TP,2M,RV58,145.7250,145.1250,AV,IO93BV,KEIGHLEY,SE072463,NOR,82.5,G8ZMG,53.913168,-1.891493,
GB3TR,2M,RV52,145.6500,145.0500,AV,IO80FM,TORQUAY,SX913680,SW,94.8,G8XST,50.501950,-3.534988,
GB3TS,70CM,RB07,433.1750,434.7750,AV,IO94GX,SUNDERLAND,NZ357512,NOR,118.8,G7MFN,54.854972,-1.44453,
GB3TU,70CM,RB09,433.2250,434.8250,AV,IO91PS,TRING HERTS,SP905085,SW,77,G0RDI,51.767871,-0.689699,
GB3TW,2M,RV58,145.7250,145.1250,AV,IO94EW,GATESHEAD,NZ253620,NOR,118.8,G7UUR,54.952635,-1.605922,
GB3TX,10M,,29.6500,29.5500,AV,JO02PP,NORWICH,TG224109,SE,94.8,M0ZAH,52.39002,1.17159,
GB3TY,6M,R50-07,50.7800,51.2800,AV,IO74BS,CARRICKFERGUS,IJ387928,NI,110.9,GI6DKQ,54.76379,-5.84634,
GB3UB,70CM,RB04,433.1000,434.7000,AV,IO81UJ,BATH AVON,ST773646,SW,118.8,G4KVI,51.3799957,-2.327537894,
GB3UI,70CM,RB01,433.0250,434.6250,AV,IO92CK,BIRMIMGHAM,SP132824,MIDL,67,G4LCH,52.43963935,-1.80593357,
GB3UK,70CM,RU69,430.8625,438.4625,AV,IO81XW,CHELTENHAM,SO993248,SW,103.5,G4FPV,51.921722,-2.011586,
GB3UL,70CM,RB02,433.0500,434.6500,AV,IO74CO,BELFAST  N.I.,IJ405767,NI,110.9,GI3USS,54.619484,-5.823939,
GB3UM,6M,R50-03,50.7400,51.2400,AV,IO92IQ,MARKFIELD  LEICESTER,SK486108,MIDL,77,M1NAS,52.692751,-1.282379,
GB3UO,70CM,RU66,430.8250,438.4250,AV,IO82LW,CHIRK,SJ298392,WM,110.9,GW0WZZ,52.945555,-3.0450361,
GB3US,70CM,RB0,433.0000,434.6000,AV,IO93GJ,SHEFFIELD,SK348873,NOR,103.5,G4CUI,53.38141173,-1.478291827,
GB3VA,2M,RV56,145.7000,145.1000,AV,IO91LT,BRILL,SP656138,SW,118.8,G8BQH,51.81898711,-1.049676828,
GB3VE,70CM,RB04,433.1000,434.7000,AV,IO84SQ,DUFTON,NY704318,NOR,77,G7ITT,54.679792,-2.461969,
GB3VH,70CM,RB13,433.3250,434.9250,AV,IO91VT,WELWYN G CITY,TL228140,SE,82.5,G4THF,51.811834,-0.219816,
GB3VI,6M,R50-15,50.8600,51.3600,AV,IO92BJ,BIRMINGHAM,SP407705276226,MIDL,67,G8NDT,52.384012,-1.8882188,
GB3VM,2M,RV49,145.6125,145.0125,DM FUSION,IO82PH,LUDLOW,SO50856820,WM,103.5,G4AIJ,52.30963,-2.719967,
GB3VN,70CM,RU74,430.9250,438.5250,AV,IO82QI,LUDLOW,SO589735,WM,103.5,G4OYX,52.3583001,-2.6040501,
GB3VS,70CM,RB03,433.0750,434.6750,AV,IO80LX,TAUNTON,ST242188,SW,94.8,G4UVZ,50.9636211,-3.080736772,
GB3VT,2M,RV58,145.7250,145.1250,DM DSTAR,IO83WA,STOKE ON TRENT,SJ937472,MIDL,103.5,G8NSS,53.03,-2.10,
GB3VW,2M,RV48,145.6000,145.0000,DUALMODE,JO02QP,NORWICH,TG27991003,SE,94.8,M0ZAH,52.640182,1.368362,
GB3WA,70CM,RU70,430.8750,438.4750,AV,IO75OR,DALRY,NS266519,SCOT,103.5,GM7GDE,55.72938605,-4.762879126,
GB3WB,70CM,RB12,433.3000,434.9000,AV,IO81MH,WESTON-S-MARE,ST338580,SW,94.8,G4TBD,51.317275,-2.950639,
GB3WC,23CM,RM15,1297.3750,1291.3750,AV,IO93EP,HUDDERSFIELD,SE229157,NOR,82.5,G1XCC,53.637772,-1.655130,
GB3WD,2M,RV56,145.7000,145.1000,AV,IO70WJ,PLYMOUTH,SX480550,SW,77,G7LUL,50.37521447,-4.138969952,
GB3WE,2M,RV55,145.6875,145.0875,DM DSTAR,IO81MH,WESTON-S-MARE,ST338580,SW,94.8,G1VSX,51.317275,-2.950639,
GB3WF,70CM,RB14,433.3500,434.9500,DM FUSION,IO93DV,OTLEY,SE206440,NOR,82.5,M0JSE,53.891777,-1.6880253,
GB3WG,70CM,RB06,433.1500,434.7500,AV,IO81CP,PORT TALBOT,SS78149366,WM,94.8,GW4FOI,51.628329,-3.761152,
GB3WH,2M,RV52,145.6500,145.0500,AV,IO91EM,SWINDON,SU236814,SW,118.8,G4LDL,51.53071,-1.662718,
GB3WI,70CM,RB15,433.3750,434.9750,AV,JO02CP,WISBECH,TF466090,SE,94.8,M0DUQ,52.659047,0.168149,
GB3WJ,70CM,RB05,433.1250,434.7250,AV,IO93QN,SCUNTHORPE,SE889103,MIDL,88.5,G3TMD,53.582137,-0.658793,
GB3WK,2M,RV62,145.7750,145.1750,AV,IO92FH,LEAMINGTON SPA,SP335671,MIDL,67,G6FEO,52.301298,-1.510695,
GB3WL,70CM,RU76,430.9500,438.5500,AV,IO92BJ,BIRMINGHAM,SP0770576226,MIDL,67,G3YXM,52.384012,-1.8882188,
GB3WN,70CM,RB0,433.0000,434.6000,AV,IO82XP,WOLVERHAMPTON,SJ945037,MIDL,67,G4OKE,52.630662,-2.082001,
GB3WP,70CM,RU75,430.9375,438.5375,AV,IO83XL,HYDE,SJ980959,NOR,82.5,G6YRK,53.460016,-2.030018,
GB3WR,2M,RV48,145.6000,145.0000,AV,IO81PH,WELLS,ST498568,SW,94.8,G4RKY,51.30809525,-2.721543837,
GB3WS,2M,RV60,145.7500,145.1500,AV,IO91WB,CRAWLEY SUSSEX,TQ292324,SE,88.5,G4EFO,51.076298,-0.157624,
GB3WT,2M,RV62,145.7750,145.1750,AV,IO64JQ,OMAGH N.I,IH511810,NI,110.9,GI3NVW,54.67432,-7.20909,
GB3WU,70CM,RU66,430.8250,438.4250,AV,IO82VE,WORCESTER,SO857558,WM,118.8,G8TIC,52.201054,-2.209452,
GB3WW,2M,RV62,145.7750,145.1750,AV,IO81CP,PORT TALBOT,SS781936,WM,94.8,GW4FOI,51.628431,-3.761802,
GB3WX-10,10M,,29.2100,50.5200,AV,IO81VC,MERE WILTSHIRE,ST867333,SW,77,G3ZXX,51.098848,-2.191317,
GB3WX-6,6M,,50.5200,29.2100,AV,IO81VC,MERE WILTSHIRE,ST867333,SW,77,G3ZXX,51.098848,-2.191317,
GB3WY,6M,R50-09,50.8000,51.3000,AV,IO93EP,HUDDERSFIELD,SE229157,NOR,82.5,G1XCC,53.637772,-1.655130,
GB3XD,6M,R50-02,50.7300,51.2300,AV,IO93WH,LOUTH,TF2534982531,MIDL,71.9,G7AJP,53.3249701,-0.1195001,
GB3XL,70CM,RU71,430.8875,438.4875,AV,IO93CT,SHIPLEY,SE157369,NOR,82.5,M0IRK,53.828671,-1.762605,
GB3XN,70CM,RU74,430.9250,438.5250,AV,IO93KI,WORKSOP,SK587868,MIDL,71.9,G3XXN,53.37480767,-1.119126637,
GB3XP,2M,RV55,145.6875,145.0875,AV,IO91VJ,MORDEN,TQ265661,SE,82.5,M0ZEY,51.380081,-0.18320328,
GB3XX,70CM,RB13,433.3250,434.9250,AV,IO92KG,DAVENTRY,SP571637,MIDL,77,G1ZJK,52.267957,-1.165341,
GB3YC,2M,RV60,145.7500,145.1500,AV,IO94SC,DRIFFIELD,TA016693,NOR,88.5,M0KXQ,54.109946,-0.446997,
GB3YL,70CM,RB14,433.3500,434.9500,AV,JO02VL,LOWESTOFT,TM550937,SE,94.8,G4RKP,52.48158118,1.754058337,
GB3YS,70CM,RB02,433.0500,434.6500,AV,IO80QW,YEOVIL,ST553167,SW,77,G8NIC,50.94799662,-2.637659542,
GB3YW,2M,RV63,145.7875,145.1875,AV,IO93EP,HUDDERSFIELD,SE229157,NOR,82.5,G1XCC,53.637772,-1.655130,
GB3ZA,2M,RV59,145.7375,145.1375,DM FUSION,IO82PB,HEREFORD,SO5196541067,WM,118.8,G0JWJ,52.06589,-2.702135,
GB3ZB,70CM,RU66,430.8250,438.4250,AV,IO81QJ,BRISTOL,ST554667,SW,77,G4RKY,51.397757,-2.641179,
GB3ZI,70CM,RU78,430.9750,438.5750,AV,IO82WT,STAFFORD,SJ945240,MIDL,103.5,G8VPR,52.813055,-2.08362,
GB3ZW,6M,R50-10,50.8100,51.3100,AV,IO82HL,NEWTOWN POWYS,SO050875,WM,103.5,GW4NQJ,52.477385,-3.399617,
GB3ZX,70CM,RU66,430.8250,438.4250,AV,JO00CT,EASTBOURNE,TQ577018,SE,88.5,G6ZZX,50.79431601,0.236229093,
GB3ZY,6M,R50-09,50.8000,51.3000,AV,IO81QJ,BRISTOL,ST554667,SW,77,G4RKY,51.398024,-2.641757,
GB40PY,70CM,RB08,433.2000,434.8000,AV,JO02AF,CAMBRIDGE,TL393594,SE,77,G4NBS,52.21521095,0.037551694,
GB7AA,70CM,DVU54,439.6750,430.6750,DM DMR,IO81RO,BRISTOL,ST627882,SW,,G4CJZ,51.591373,-2.539454,
GB7AD,70CM,DVU73,439.9125,430.9125,DSTAR,IO81RO,BRISTOL,ST627882,SW,,G4CJZ,51.591373,-2.539454,
GB7AU,70CM,DVU56,439.7000,430.7000,DSTAR,IO91QP,AMERSHAM,SU957955,SW,,G0RDI,51.650179,-0.616768,
GB7AV,70CM,DVU35,439.4375,430.4375,DMR,IO91OT,AYLESBURY,SP819135,SW,,G0RAS,51.814537,-0.81235003,
GB7BD,70CM,DVU36,439.4500,430.4500,DSTAR,IO81PJ,BRISTOL,ST488671,SW,,G4RKY,51.400183,-2.737726,
GB7BE,70CM,DVU53,439.6625,430.6625,DSTAR,JO02TK,BECCLES,TM4441488957,SE,,M0JGX,52.443871,1.5950091,
GB7BH,70CM,DVU46,439.5750,430.5750,DMR,IO90WU,BRIGHTON,TQ34220676,SE,,G7TXU,50.844816,-0.094821,
GB7BM,70CM,DVU32,439.4000,430.4000,DSTAR,IO92BL,BIRMINGHAM,SP077852,MIDL,,G8VIQ,52.464471,-1.888401,
GB7BP,70CM,DVU36,439.4500,430.4500,DSTAR,IO91PX,MILTON KEYNES,SP865339,SW,,G0NBI,51.997419,-0.740126,
GB7BS,70CM,DVU13,439.1625,430.1625,DMR,IO81TK,BRISTOL CITY,ST716702,SW,,G4SDR,51.4305401,-2.4090501,
GB7BX,70CM,DVU35,439.4375,430.4375,DMR,IO82QN,MUCH WENLOCK,SO370309,WM,,M1GIZ,52.58,-2.59,
GB7CD,70CM,DVU56,439.7000,430.7000,DSTAR,IO81JL,CARDIFF,ST192751,WM,,GW6CUR,51.47067089,-3.166983284,
GB7CF,70CM,DVU41,439.5125,430.5125,DM FUSION,JO01OC,FOLKESTONE ,TR222369,SE,,M1CMN,51.088125,1.173626,
GB7CH,70CM,DVU38,439.4750,430.4750,DSTAR,IO93WH,LOUTH,TF2534982531,MIDL,,G7AJP,53.3249701,-0.1195001,
GB7CM,2M,RV56,145.7000,145.1000,DM FUSION,IO80XS,WIMBOURNE,SY990980,SW,71.9,M0MRP,50.78,-2.01,
GB7CT,2M,RV51,145.6375,145.0375,DMR,IO91PS,TRING,SP905085,SW,,G0RDI,51.767871,-0.689699,
GB7CW,70CM,DVU32,439.4000,430.4000,DMR,IO81EN,BRIDGEND,SS8714485531,WM,,GW0UZK,51.556882,-3.628138,
GB7DB,70CM,DVU53,439.6625,430.6625,DSTAR,IO92RA,AMPTHILL,TL013386,MIDL,,G3YQO,52.035981,-0.524063,
GB7DC,70CM,DVU39,439.4875,430.4875,DSTAR,IO92GW,DERBY,SK380377,MIDL,,G7NPW,52.93536308,-1.436058446,
GB7DD,70CM,DVU53,439.6625,430.6625,DMR,IO86NL,DUNDEE,NO463325,SCOT,,MM0DUN,56.481975,-2.874304,
GB7DE-B,70CM,DVU48,439.6000,430.6000,DSTAR,IO86NF,UPPER LARGO,NO436048,SCOT,,MM0DXE,56.232841,-2.910561,
GB7DE-C,2M,RV51,145.6375,145.0375,DSTAR,IO86NF,UPPER LARGO,NO436048,SCOT,,MM0DXE,56.232841,-2.910561,
GB7DG,70CM,DVU43,439.5375,430.5375,DSTAR,IO82WI,BROMSGROVE,SO9383473301,WM,,M1JSS,52.357745,-2.091947,
GB7DK-B,70CM,DVU73,439.9125,430.9125,DSTAR,IO74LV,STRANRAER,NX034581,SCOT,,GM0HPK,54.87849658,-5.06461169,
GB7DK-C,2M,RV55,145.6875,145.0875,DSTAR,IO74LV,STRANRAER,NX034581,SCOT,,GM0HPK,54.87849658,-5.06461169,
GB7DN,70CM,DVU33,439.4125,430.4125,DSTAR,IO64MW,DUNGIVEN,IC6500909334,NI,,GI0AZB,54.927182,-6.986983,
GB7DR,70CM,DVU34,439.4250,430.4250,DMR,IO90AR,POOLE,SZ036933,SW,,G6AKG,50.739588,-1.949521,
GB7DS,70CM,DVU34,439.4250,430.4250,DM DMR,JO02PP,NORWICH,TG2247410922,SE,,M0ZAH,52.650059,1.287748,
GB7DV,70CM,DVU49,439.6125,430.6125,DSTAR,IO83QJ,ST. HELENS,SJ492939,NOR,,G1DVA,53.440027,-2.76570,
GB7DX,70CM,DVU56,439.7000,430.7000,DSTAR,JO01IA,WITTERSHAM,TQ8973527593,SE,,G0GCQ,51.016409,0.703672,
GB7EB,70CM,DVU46,439.5750,430.5750,DMR,JO02TK,BECCLES,TM4441488957,SE,,M0JGX,52.443871,1.5950091,
GB7ED,70CM,DVU54,439.6750,430.6750,DMR,IO80GR,EXETER,SX9381093984,SW,,M0ZZT,50.735732,-3.5061541,
GB7EL,70CM,DVU57,439.7125,430.7125,DMR,IO83VT,NELSON,,NOR,,G4BLH,53.82,-2.21,
GB7EN,70CM,DVU43,439.5375,430.5375,DSTAR,IO92PH,WELLINGBOROUGH,SP875682,MIDL,,G7HIF,52.304440,-0.716670,
GB7EP,70CM,DVU32,439.4000,430.4000,DMR,IO91UI,EPSOM,TQ2065163293,SE,,G0OXZ,51.355713,-0.268648,
GB7ER,2M,RV62,145.7750,145.1750,DM FUSION,IO80GR,EXETER,SX9381093984,SW,77,M0ZZT,50.735732,-3.5061541,
GB7ES,70CM,DVU35,439.4375,430.4375,DSTAR,JO00DT,EASTBOURNE,TQ6156704498,SE,,M0LRE,50.817495,0.29222333,
GB7EX,70CM,DVU57,439.7125,430.7125,DMR,JO01GN,SOUTHEND-ON-SEA,TQ7757387552,SE,,G8YPK,51.558895,0.56024706,
GB7FC,70CM,RU78,430.9750,438.5750,DM DMR,IO83LS,BLACKPOOL,,NOR,,M0AUT,53.79,-3.01,
GB7FH,70CM,DVU49,439.6125,430.6125,DSTAR,IO90JU,FAREHAM,SU5771507515,SW,,G6ORL,50.864273,-1.181266,
GB7FK-B,70CM,DVU59,439.7375,430.7375,DSTAR,JO01OC,FOLKESTONE,TR250387,SE,,M1CMN,51.103172,1.213832,
GB7FK-C,2M,RV63,145.7875,145.1875,DSTAR,JO01OC,FOLKESTONE,TR250387,SE,,M1CMN,51.103172,1.213832,
GB7FW,70CM,DVU53,439.6625,430.6625,DMR,IO92BL,BIRMINGHAM,SP05508610,MIDL,,G8VIQ,52.4730030,-1.918618,
GB7GB,70CM,DVU34,439.4250,430.4250,DMR,IO91WM,BIRMINGHAM,SP0670695997,MIDL,,G8NDT,52.561766,-1.902508,
GB7GC,70CM,DVU35,439.4375,430.4375,DSTAR,IO92WN,GRIMSBY,TA230080,MIDL,,G7EOG,53.56,-0.14,
GB7GD,2M,RV55,145.6875,145.0875,DSTAR,IO87VD,ABERDEEN,NJ889069,SCOT,,GM0MYQ,57.153336,-2.184199,
GB7GF,70CM,DVU55,439.6875,430.6875,DMR,IO91RF,GUILDFORD,SU991488,SE,,G4EML, 51.230139,-0.581524,
GB7GL,70CM,DVU57,439.7125,430.7125,DSTAR,IO81SU,MITCHELDEAN,SO662158,SW,,G4SGI,51.841088,-2.492102,
GB7GT,70CM,DVU33,439.4125,430.4125,DMR,IO82QJ,LUDLOW,SO615761,WM,,G1MAW,52.39,-2.58,
GB7HD-B,70CM,DVU36,439.4500,430.4500,DSTAR,IO93DP,HUDDERSFIELD,SE179186,NOR,,G6OCD,53.6640001,-1.7301701,
GB7HM,70CM,DVU51,439.6375,430.6375,DMR,IO83LC,CAERGWRIE,SJ296570,WM,,G1SYG,53.105838,-3.052965,
GB7HR,70CM,DVU36,439.4500,430.4500,DMR,IO91SL,HEATHROW,TQ0643976877,SE,,G0OXZ,51.480768,-0.467842,
GB7HS,70CM,DVU34,439.4250,430.4250,DMR,IO93BR,BATLEY,SE2042327551,NOR,,G1XCC,53.743942,-1.691816,
GB7HU,70CM,DVU39,439.4875,430.4875,DSTAR,IO93RS,SOUTH CAVE,SE954325,NOR,,G0VRM,53.77985,-0.55385,
GB7HX,70CM,DVU46,439.5750,430.5750,DMR,IO93BP,HUDDERSFIELD,SE085166,NOR,,G0ISX,53.645938,-1.873451,
GB7IC-A,23CM,23CM,1290.6500,1270.6500,DSTAR,JO01NI,HERNE BAY,TR192672,SE,,G4TKR,51.3619444,1.1480556,
GB7IC-B,70CM,DVU36,439.4500,430.4500,DSTAR,JO01NI,HERNE BAY,TR192672,SE,,G4TKR,51.3619444,1.1480556,
GB7IC-C,2M,RV53,145.6625,145.0625,DSTAR,JO01NI,HERNE BAY,TR192672,SE,,G4TKR,51.3619444,1.1480556,
GB7ID,70CM,RU78,430.9750,438.5750,DM DMR,IO91WF,REDHILL,TQ296479,SE,,M0IDD,51.2174,-0.1443,
GB7IK,70CM,DVU43,439.5375,430.5375,DMR,JO01FJ,ROCHESTER,TQ731701,SE,,G6CKK,51.403842,0.488893,
GB7IQ,70CM,DVU49,439.6125,430.6125,DSTAR,IO82WS,STAFFORD,SJ889190,MIDL,,G7PFT,52.768771,-2.165611,
GB7JB,70CM,DVU37,439.4625,430.4625,DMR,IO81VC,MERE WILTSHIRE,ST867333,SW,,G3ZXX,51.098848,-2.191317,
GB7JF,70CM,DVU51,439.6375,430.6375,DSTAR,IO92NE,NORTHAMPTON,SP773533,MIDL,,G7HIF,52.172222,-0.8725,
GB7JH-B,70CM,DVU57,439.7125,430.7125,DSTAR,IO90TT,SHOREHAM-BY-SEA,TQ213064,SE,,G8MUQ,50.844510,-0.278277,
GB7JH-C,2M,RV52,145.6500,145.0500,DSTAR,IO90TT,SHOREHAM-BY-SEA,TQ213064,SE,,G8MUQ,50.844510,-0.278277,
GB7KH,70CM,DVU49,439.6125,430.6125,DSTAR,JO01DQ,KELVEDON HATCH,TQ5613599408,SE,,M1GEO,51.671592,0.256369,
GB7LE,70CM,DVU53,439.6625,430.6625,DMR,IO93FU,LEEDS,SE3069739484,NOR,,G1XCC,53.850691,-1.534863,
GB7LF,70CM,DVU43,439.5375,430.5375,DSTAR,IO84OA,LANCASTER,SD501599,NOR,,G3VVT,54.032477,-2.763189,
GB7LN,70CM,DVU32,439.4000,430.4000,DMR,IO93RF,LINCOLN,SK975734,MIDL,,G0RZR,53.24862,-0.53947,
GB7LP,70CM,DVU32,439.4000,430.4000,DM DMR,IO83MK,LIVERPOOL,SJ381939,NOR,,M1SWB,53.43822965,-2.933259738,
GB7MA,2M,RV48,145.6000,145.0000,DSTAR,IO83UO,BURY,SD833133,NOR,,G7LWT,53.6159804,-2.253903051,
GB7MB,70CM,DVU56,439.7000,430.7000,DMR,IO84NA,HEYSHAM,SD4127260817,NOR,,G4TUZ,54.039982,-2.898266,
GB7MC,70CM,DVU43,439.5375,430.5375,DSTAR,IO70OJ,ST AUSTELL,SW991574,SW,,M1DNS,50.381908,-4.828212,
GB7MH,70CM,DVU51,439.6375,430.6375,DSTAR,IO91WC,EAST GRINSTEAD,TQ337354,SE,,G3NZP,51.102219,-0.091027,
GB7MR,70CM,DVU59,439.7375,430.7375,DMR,IO83XN,MANCHESTER,SD9563407566,NOR,,G8UVC,53.564686,-2.0673961,
GB7NB,70CM,DVU55,439.6875,430.6875,DSTAR,JO02PN,NORWICH,TG258026,SE,,G0LGJ,52.57475,1.331455,
GB7NE,70CM,DVU36,439.4500,430.4500,DSTAR,IO95FE,ASHINGTON,NZ306901,NOR,,G7RWC,55.204761,-1.520397,
GB7NI,2M,RV60,145.7500,145.1500,DSTAR,IO74BS,CARRICKFERGUS,IJ387928,NI,,GI6DKQ,54.76379,-5.84634,
GB7NL,70CM,DVU37,439.4625,430.4625,DSTAR,IO80FR,EXETER,SX9381693947,SW,,M0NLO,50.735397,-3.5060577,
GB7NM,70CM,DVU37,439.4625,430.4625,DV,IO83UN,MANCHESTER,SD820052,NOR,,G7LWT,53.542901,-2.273141,
GB7NS,70CM,DVU13,439.1625,430.1625,DMR,IO91WG,CATERHAM,TQ322542,SE,,G0OLX,51.270852,-0.106726,
GB7NU,70CM,DVU43,439.5375,430.5375,DSTAR,JO02OW,SHERINGHAM,TG157430,SE,,G8SAU,52.940703,1.208846,
GB7OK,2M,RV57,145.7125,145.1125,DSTAR,JO01BJ,BROMLEY,TQ4639368416,SE,,G1HIG,51.395905,0.102901,
GB7PB,2M,RV53,145.6625,145.0625,DSTAR,IO94FT,DURHAM,NZ275464,NOR,,G4EBN,54.811942,-1.572642,
GB7PD-C,2M,RV59,145.7375,145.1375,DSTAR,IO71MQ,PEMBROKE DOCK,SM956032,WM,,MW0HVB,51.69060,-4.95765,
GB7PI,70CM,DVU73,439.9125,430.9125,DSTAR,IO92XA,ROYSTON,TL3723836475,SE,,M0ZPU,52.009764,-0.001845,
GB7PN,70CM,DVU34,439.4250,430.4250,DMR,IO83HH,PRESTATYN,SJ0791281863,WM,,G4NOY,53.325670,-3.384060,
GB7PP,70CM,DVU35,439.4375,430.4375,DSTAR,JO02OB,IPSWICH,TM207448,SE,,G8HUE,52.058027,1.220975,
GB7PT,70CM,DVU57,439.7125,430.7125,DM DSTAR,IO92XA,ROYSTON,TL3723836475,SE,,G4NBS,52.009764,-0.001845,
GB7RB-C,2M,RV54,145.6750,145.0750,DSTAR,IO81GK,COWBRIDGE,ST0147473877,WM,,GW6CUR,51.455275,-3.419425,
GB7RN,2M,RV51,145.6375,145.0375,DSTAR,IO90JT,FAREHAM,SU572041,SW,,G3ZDF,50.834312,-1.1883671,
GB7RR,70CM,DVU48,439.6000,430.6000,DMR,IO93KA,NOTTINGHAM,SK5248147246,MIDL,,G0LCG,53.02,-1.11,
GB7RW,2M,RV48,145.6000,145.0000,DSTAR,IO94SO,WHITBY,NZ932044,NOR,,G4EQS,54.426264,-0.5655642,
GB7RY,70CM,RU76,430.9500,438.5500,DM FUSION,JO00HW,RYE,TQ830200,SE,,M0HOW,50.950784,0.605244,
GB7SB,2M,RV48,145.6000,145.0000,DSTAR,IO90WT,BRIGHTON,TQ328051,SE,,G4PAP,50.831067,-0.114458,
GB7SC,70CM,DVU38,439.4750,430.4750,DMR,IO90QT,BOGNOR REGIS,SU964004,SE,,G0AFN,50.795868,-0.632546,
GB7SD,70CM,DVU33,439.4125,430.4125,DMR,IO80SQ,WEYMOUTH,SY677858,SW,,G0EVW,50.671415,-2.457735,
GB7SE,70CM,DVU38,439.4750,430.4750,DMR,JO01DM,SOUTH OCKENDON,TQ580810,SE,,M0PFX,51.51,0.27,
GB7SF,2M,RV59,145.7375,145.1375,DSTAR,IO93GK,SHEFFIELD,SK3706991474,NOR,,M1ERS,53.418787,-1.443714,
GB7SH,70CM,RU77,430.9625,438.5625,DM FUSION,IO93GK,SHEFFIELD,SK3706991474,NOR,71.9,M1ERS,53.418787,-1.443714,
GB7SJ,70CM,RU70,430.8750,438.4750,DM FUSION,IO83RF,NORTHWICH,SJ655696,NOR,103.5,M0WTX,53.223000,-2.516417,
GB7SN,70CM,DVU54,439.6750,430.6750,DMR,IO93GH,SHEFFIELD,SK34978112,NOR,,M1ERS,53.325853,-1.476391,
GB7SO,70CM,DVU46,439.5750,430.5750,DSTAR,IO92BJ,SOLIHULL,SP1027977355,MIDL,,G7DDN,52.394141,-1.850362,
GB7SR,70CM,DVU51,439.6375,430.6375,DMR,IO93GK,SHEFFIELD,SK3339192481,NOR,,M0GAV,53.42809,-1.498926,
GB7SS,70CM,DVU59,439.7375,430.7375,DSTAR,JO01HO,HOCKLEY,TQ837929,SE,,G6XYU,51.601111,0.653056,
GB7TD,70CM,DVU13,439.1625,430.1625,DMR,IO93EP,HUDDERSFIELD,SE229157,NOR,,G1XCC,53.637772,-1.655130,
GB7TE,2M,RV62,145.7750,145.1750,DSTAR,JO01OT,CLACTON ON SEA,TM218172,SE,,G7HJK,51.808994,1.214970,
GB7TP,70CM,DVU55,439.6875,430.6875,DMR,IO93BV,KEIGHLEY,SE074466,NOR,,M0IRK,53.9162,-1.8880,
GB7TQ,70CM,RU71,430.8875,438.4875,DM FUSION,IO80FM,TORQUAY,SX913680,SW,94.8,G8XST,50.501950,-3.534988,
GB7TV,70CM,DVU38,439.4750,430.4750,DSTAR,IO94LN,NEW MARSKE,NZ618207,NOR,,M0RIG,54.578217,-1.044194,
GB7VO,70CM,DVU56,439.7000,430.7000,DSTAR,IO82PE,LEOMINSTER,SO507537,WM,,G8XYJ,52.179563,-2.722492,
GB7WB,70CM,DVU39,439.4875,430.4875,DSTAR,IO81MH,WESTON-S-MARE,ST338580,SW,,G4SZM,51.317275,-2.950639,
GB7WC,70CM,DVU39,439.4875,430.4875,DSTAR,IO83QI,WARRINGTON,SJ576830,NOR,,G4VSS,53.34278,-2.637778,
GB7WF,70CM,DVU39,439.4875,430.4875,DSTAR,IO82UJ,BEWDLEY,SO776755,WM,,G8OXG,52.377528,-2.329747,
GB7WI,70CM,DVU33,439.4125,430.4125,DMR,IO93QP,WINTERTON,SE92681903,MIDL,,G0UZJ,53.659573,-0.598999,
GB7WL,70CM,DVU37,439.4625,430.4625,DMR,IO91QP,AMERSHAM,SU957955,SW,,G0RDI,51.65018,-0.61677,
GB7WP,70CM,DVU73,439.9125,430.9125,DSTAR,IO83KJ,BIRKENHEAD,SJ275880,NOR,,G4BKF,53.384167,-3.090556,
GB7WT,70CM,DVU48,439.6000,430.6000,DSTAR,IO64HQ,OMAGH  N.I,IH390821,NI,,GI3NVW,54.6854698,-7.3954367,
GB7YD-A,23CM,RM12,1297.3000,1291.3000,DSTAR,IO93HO,BARNSLEY,SE426101,NOR,,G4LUE,53.585743,-1.358101,
GB7YD-B,70CM,DVU41,439.5125,430.5125,DSTAR,IO93HO,BARNSLEY,SE426101,NOR,,G4LUE,53.585743,-1.358101,
GB7YD-C,2M,RV54,145.6750,145.0750,DSTAR,IO93HO,BARNSLEY,SE426101,NOR,,G4LUE,53.585743,-1.358101,
GB7ZP,70CM,DVU39,439.4875,430.4875,DSTAR,JO01HR,DANBURY,TL7861105230,SE,,G6JYB,51.717342,0.584063,
GD0NFN,10M,,29.5300,29.5300,AG,IO74TF,LONAN IOM,SC4321382846,NOR,110.9,GD0NFN,54.217289,-4.406088,
GD0NFN,4M,,70.3500,70.3500,AG,IO74TF,LONAN IOM,SC4321382846,NOR,110.9,GD0NFN,54.217289,-4.406088,
GI0IOT,70CM,,430.0125,430.0125,AG,IO64IX,DERRY/LONDONDERRY,IC455164,NI,110.9,GI0IOT,54.993252,-7.287987,
GI4RNP,70CM,,430.0750,430.0750,AG,IO64XM,LISBURN,J 28136 67763,NI,110.9,GI4RNP,54.54190, -6.01986,
GM0GMN,70CM,,430.0250,430.0250,AG,IO75NT,LARGS,NS2139759674,SCOT,103.5,GM0GMN,55.797246,-4.850711,
GM1PLY,70CM,,434.4750,434.4750,AG,IO85KV,EDINBURGH,NT28611 68252,SCOT,94.8,GM1PLY,55.902059,-3.143326,
GM4UPX,70CM,,434.5000,434.5000,AG,IO85RL,JEDBURGH,NT6503720644,SCOT,118.8,GM4UPX,55.478347,-2.554708,
GM6CMQ,2M,,145.3375,145.3375,AG,IO86GB,DUNFERMLINE,NT0831288594,SCOT,77,GM6CMQ,56.081322,-3.474802,
GM7JDS,2M,,145.3375,145.3375,AG,IO75WW,KIRKINTILLOCH,NS6803274313,SCOT,103.5,GM7JDS,55.943673,-4.114581,
GM7LUN,70CM,,430.0125,430.0125,AG,IO85NO,GALASHIELS,,SCOT,103.5,GM7LUN,55.62,-2.88,
GM7SVK,4M,,70.4125,70.4125,AG,IO75UV,GLASGOW,NS5582971543,SCOT,103.5,GM7SVK,55.915302,-4.308314,
GM7SVK,10M,,29.6300,29.6300,AG,IO75UV,GLASGOW,NS5582971543,SCOT,103.5,GM7SVK,55.915302,-4.308314,
GM7SVK,70CM,,430.0500,430.0500,AG,IO75UV,GLASGOW,NS5582971543,SCOT,103.5,GM7SVK,55.915302,-4.308314,
GW0VFF,70CM,,430.0750,430.0750,AG,IO81CP,NEATH,,WM,94.8,GW0VFF,51.65,-3.79,
GW3KLB,70CM,,430.0500,430.0500,AG,IO82JU,LLANSILIN,,WM,103.5,GW3KLB,52.85,-3.20,
M0AOV,70CM,,434.5000,434.5000,AG,JO03CI,MABLETHORPE,,MIDL,71.9,M0AOV,53.36,0.24,
M0AOV,2M,,145.3375,145.3375,AG,JO03CI,MABLETHORPE,,MIDL,71.9,M0AOV,53.36,0.24,
M0BFV,70CM,,434.5250,434.5250,AG,IO83JI,WEST KIRBY,SJ2156386349,NOR,82.5,M0BFV,53.368179,-3.180279,
M0GYO,70CM,,430.0375,430.0375,AG,IO92AQ,CANNOCK,SK01451109,MIDL,67,M0GYO,52.697499,-1.979988,
M0HBK,70CM,,430.0125,430.0125,AG,IO91RK,ENGLEFIELD GREEN,SU9933970341,SE,77,M0HBK,51.423382,-0.572649,
M0HOY,70CM,,430.0500,430.0500,AG,IO83RL,LEIGH,SJ6422798113,NOR,103.5,M0HOY,53.478515,-2.5404784,
M0KSP,70CM,,430.0750,430.0750,AG,IO93GH,SHEFFIELD,,NOR,77.0,M0KSP,53.33,-1.46,
M0KTY,70CM,,434.5250,434.5250,AG,JO01NH,CANTERBURY,,SE,103.5,M0KTY,51.31,1.13,
M0NCZ,70CM,,430.0750,430.0750,AG,IO83XM,ASHTON-UNDER-LYNE,SD9486801681,NOR,82.5,M0NCZ,53.511805,-2.0788541,
M0NDB,4M,,70.3500,70.3500,AG,IO82WJ,CLENT,SO838763,WM,118.8,M0NDB,52.41,-2.12,
M0NDB,70CM,,430.0625,430.0625,AG,IO82WJ,CLENT,,MIDL,118.8,M0NDB,52.41,-2.12,
M0OMT,70CM,,434.5000,434.5000,AG,IO94GX,NEWCASTLE,NZ3217963124,NOR,118.8,M0OMT,54.961715,-1.498971,
M0RIG,70CM,,434.5250,434.5250,AG,IO94LO,MARSKE BY SEA,NZ6408222222,NOR,118.8,M0RIG,54.591145,-1.009806,
M0WTX,70CM,,430.0250,430.0250,AG,IO83RF,NORTHWICH,SJ6561869668,NOR,77.0,M0WTX,53.223000,-2.516417,
M1ATM,10M,,29.5300,29.5300,AG,IO83WK,DENTON,SJ 94010 94205,NOR,77.0,M1ATM,53.444187,-2.091914,
M1DYP,2M,,145.2875,145.2875,AG,IO91VT,WELWYN GARDEN CITY,TL2357814511,SE,82.5,M1DYP,51.815583,-0.208633,
M1ERS,70CM,,434.5000,434.5000,AG,IO93GK,SHEFFIELD,SK3706991474,NOR,88.5,M1ERS,53.418787,-1.443714,
M1FEV,70CM,,434.0250,434.0250,AG,IO82QT,SHREWSBURY,SJ5683823884,MIDL,77.0,M1FEV,52.810765,-2.641761,
M1GUR,70CM,,430.0375,430.0375,AG,IO92KP,LEICESTER,SK 58661 03866,MIDL,77,M1GUR,52.629409,-1.134755,
M1KFM,70CM,,434.0250,434.0250,AG,IO91TO,HARROW,TQ1491989018,SE,77,M1KFM,51.58831,-0.342589,
MB6AA,2M,,144.8375,144.8375,DG,IO81KT,ABERGAVENNY,SO2455615583,WM,,MW0GUK,51.8338,-3.0955,
MB6AB,2M,,144.8250,144.8250,DG,IO81LP,CWMBRAN,ST28388 94499,WM,,MW0YAC,51.644635,-3.036464,
MB6AC,2M,,144.8125,144.8125,DG,IO81JT,BRYNMAWR,SO19451207,WM,,GW7HTU,51.801477,-3.169529,
MB6AF,2M,,144.8250,144.8250,DG,IO87PC,LUMPHANAN,NJ5774903410 ,SCOT,,MM0XAF,57.1193667,-2.6993833,
MB6BA,2M,,144.8625,144.8625,DG,IO81IK,BARRY,ST1176370010,WM,,MW0RUH,51.422540,-3.271130,
MB6BC,2M,,144.8375,144.8375,DG,IO65VF,BALLYCASTLE,D 11517 41447,NI,,MI0CRQ,55.20749,-6.24808,
MB6BD,2M,,144.8375,144.8375,DG,JO02HK,BRANDON,TL7670685895,SE,,G4WXN,52.442467,0.598438,
MB6BF,2M,,144.8125,144.8125,DG,IO80WU,BLANDFORD FORUM,ST8855907261,SW,,G0UZL,50.864738,-2.163946,
MB6BM,2M,,144.8625,144.8625,DG,IO64TU,AHOGHILL,ID046017,NI,,MI0CUN,54.852541,-6.370011,
MB6BU,2M,,144.8625,144.8625,DG,IO83VT,BURNLEY,SD84453604,NOR,,G0WZL,53.820457,-2.23761,
MB6BW,2M,,144.8250,144.8250,DG,IO92BQ,BURNTWOOD,SK0693109038,MIDL,,M0HPB,52.679021,-1.898922,
MB6CA,2M,,144.8125,144.8125,DG,IO84OV,CARLISLE,NY508578,NOR,,G7NZR,54.913190,-2.767320,
MB6CL,70CM,,430.1875,430.1875,DG,JO01OT,CLACTON ON SEA,TM1851117527,SE,,G0HWC,51.81366,1.168618,
MB6CY,2M,,144.8250,144.8250,DG,IO83WM,OLDHAM,SD9394004230,NOR,,G4HFG,53.534699,-2.092906,
MB6DE,2M,,144.8250,144.8250,DG,JO02LQ,DEREHAM, TF9799012625,SE,,G0LGJ,52.675262,0.927237,
MB6DF,2M,,144.8500,144.8500,DG,IO83WL,DUKINFIELD,SJ9447197585,NOR,,M0CSN,53.474968,-2.0847657,
MB6DS,2M,,144.8375,144.8375,DG,JO01NT,CLACTON,TM1660616341,SE,,G0MBA,51.803744,1.140364,
MB6EB,2M,,144.8250,144.8250,DG,JO00DT,EASTBOURNE,TQ5990202989,SE,,M0LRE,50.804391,0.267965,
MB6EG,2M,,144.8625,144.8625,DG,IO91XC,EAST GRINSTEAD,TQ3812538052,SE,,G7KBR,51.125107,-0.027591,
MB6EK,2M,,144.8125,144.8125,DG,JO01QJ,MARGATE,TR3242269482,SE,,G4TKR,51.376792,1.338369,
MB6EP,2M,,144.8250,144.8250,DG,IO91UI,EPSOM,TQ2065163293,SE,,G0OXZ,51.355713,-0.268648,
MB6EY,2M,,144.8250,144.8250,DG,JO03AR,WITHERNSEA,TA3430427064,NOR,,G4SJI,53.72272,0.033984,
MB6FC,2M,,144.8250,144.8250,DG,IO83LR,ST. ANNES LANCS,SD33292793,NOR,,G4WIM,53.743521,-3.0128261,
MB6FG,2M,,144.8125,144.8125,DG,IO72LA,FISHGUARD,SM94013814,WM,,MW0HVB,52.00337,-5.00244,
MB6GL,2M,,144.8125,144.8125,DG,IO85NO,GALASHIELS,,SCOT,,GM7LUN,55.62,-2.88,
MB6HN,2M,,144.8375,144.8375,DG,IO90VU,BRIGHTON CITY,TQ 24839 05911,SE,,G4PAP,50.839264,-0.228369,
MB6HU,2M,,144.8500,144.8500,DG,JO02FV,KING'S LYNN, TF6682437475,SE,,G1SCQ,52.908838,0.479299,
MB6IAA,70CM,,431.0750,431.0750,DG,IO81KT,ABERGAVENNY,SO 24588 15588,WM,,MW0GUK,51.833797,-3.095835,
MB6IAC,70CM,,431.1000,431.1000,DG,IO81JT,BRYNMAWR,SO19451207,WM,,GW7HTU,51.801477,-3.169529,
MB6IBH,2M,,144.8250,144.8250,DG,IO83LJ,BIRKENHEAD,SJ3152288267,NOR,,M1EIV,53.386809,-3.031052,
MB6IBN,70CM,,430.0625,430.0625,DG,IO92QX,GRANTHAM,SK9321042048,MIDL,,G4RIO,52.967731,-0.613569,
MB6ICY,70CM,,431.1250,431.1250,DG,IO83WM,OLDHAM,SD9392504233,NOR,,G4HFG,53.534733,-2.093132,
MB6IDC,70CM,,433.9875,433.9875,DG,IO92GW,DERBY,SK380377,MIDL,,G7NPW,52.93536308,-1.436058446,
MB6IDF,70CM,,434.5000,434.5000,DG,IO86GB,DUNFERMLINE,NT0831288594,SCOT,,GM6CMQ,56.081322,-3.474802,
MB6IDG,70CM,,431.1250,431.1250,DG,IO82WI,BROMSGROVE,SO9383473301,WM,,M1JSS,52.357745,-2.091947,
MB6IEI,70CM,,431.1375,431.1375,DG,IO83RN,WESTHOUGHTON,SD66450646,NOR,,G7IEI,53.553681,-2.507873,
MB6IFK,70CM,,434.0500,434.0500,DG,JO01OC,FOLKESTONE,TR2231836886,SE,,M1CMN,51.088174,1.173074,
MB6IGD,2M,,144.8250,144.8250,DG,IO85AV,AIRDRIE,NS7543967600,SCOT,,GM4AUP,55.885375,-3.992959,
MB6IGR,70CM,,430.0625,430.0625,DG,IO92QX,GRANTHAM,SK9321042048,MIDL,,G6JQH,52.967731,-0.613569,
MB6IHG,70CM,,431.0875,431.0875,DG,IO83WK,DENTON,SJ9401094205,NOR,,M1ATM,53.444187,-2.091914,
MB6IIK,70CM,,434.5125,434.5125,DG,JO01GJ,STROOD,TQ7386269316,SE,,G6HIV,51.396180,0.497732,
MB6IIP,70CM,,434.5000,434.5000,DG,JO02OA,IPSWICH,TM1812342206,SE,,G7DNT,52.035357,1.178713,
MB6ILT,70CM,,430.0375,430.0375,DG,IO91TV,LUTON,,MIDL,,G6JIE,51.89,-0.36,
MB6IMF,70CM,,431.1500,431.1500,DG,IO93SM,BRIGG,TA0320303266,MIDL,,G8YYW,53.515973,-0.445022,
MB6IMG,70CM,,431.1125,431.1125,DG,IO83SM,ATHERTON,SD6714804048,NOR,,G0OMF,53.532069,-2.49708,
MB6IMH,70CM,,430.0500,430.0500,DG,IO86LL,MUIRHEAD,NO 3453 3450,SCOT,,GM1CMF,56.498051,-3.06495,
MB6IMU,70CM,,431.0875,431.0875,DG,IO81JP,YSTRAD MYNACH,,WM,,MW0MAU,51.64,-3.24,
MB6IOE,70CM,,431.1000,431.1000,DG,IO83TR,OSWALDTWISTLE,SD 74737 27111,NOR,,G0BMH,53.739776,-2.384484,
MB6IPO,70CM,,431.0875,431.0875,DG,IO90AR,BOURNEMOUTH,SZ0540092021,SW,,2E0MVT,50.727777,-1.924859,
MB6IPY,70CM,,431.0875,431.0875,DG,IO92OX,GRANTHAM,SK83520 44200,MIDL,,G8PY,52.988756,-0.754354,
MB6IRD,70CM,,431.0750,431.0750,DG,IO92BH,REDDITCH,SP0588168317,WM,,G1DUO,52.312946,-1.915156,
MB6IRL,70CM,,431.1375,431.1375,DG,IO81JO,CAERPHILLY,ST1669488097,WM,,GW6WTK,51.585545,-3.203782,
MB6ISB,70CM,,430.0625,430.0625,DG,IO81FM,BRIDGEND,SS9031283094,WM,,GW0KAX,51.536062,-3.582895,
MB6ISC,70CM,,434.4875,434.4875,DG,IO90LW,PORTSMOUTH,SU7010713669,SW,,G7TEM,50.91823,-1.004028,
MB6ISF,70CM,,434.5125,434.5125,DG,IO93GH,SHEFFIELD,,NOR,,M0KSP,53.33,-1.46,
MB6ISJ,70CM,,431.1250,431.1250,DG,JO02UO,GREAT YARMOUTH,,SE,,M0TRJ,52.59,1.72,
MB6ISM,70CM,,431.1500,431.1500,DG,IO86OE,ST MONANS,NO 52194 01623,SCOT,,MM0DXE,56.204781,-2.772165,
MB6ISP,2M,,144.8375,144.8375,DG,IO83MP,SOUTHPORT,SD3568517277,NOR,,G0LZX,53.648043,-2.974438,
MB6ISV,70CM,,431.1250,431.1250,DG,IO83PG,FRODSHAM,SJ5300576242,NOR,,G1JPV,53.281079,-2.706293,
MB6ITA,70CM,,431.1250,431.1250,DG,IO92EO,TAMWORTH,SK2338700333,MIDL,,G8YUQ,52.600305,-1.656129,
MB6IVM,70CM,,434.4875,434.4875,DG,IO91LS,THAME,SP6662507070,SW,,G0RAS,51.758368,-1.036113,
MB6IVS,70CM,,431.1500,431.1500,DG,JO02JN,WATTON,TL8845199631,SE,,M0VST,52.562583,0.778782,
MB6IZE,70CM,,434.0375,434.0375,DG,JO00GU,HASTINGS,TQ7994110876,SE,,2E0JBR,50.869378,0.555946,
MB6IZT,70CM,,430.0250,430.0250,DG,JO01CG,SEVENOAKS,TQ5360256220,SE,,M0RCQ,51.284410,0.20117104,
MB6JD,2M,,144.8250,144.8250,DG,IO85RL,JEDBURGH,NT650206,SCOT,,GM4UPX,55.478334,-2.554996,
MB6LY,2M,,144.8125,144.8125,DG,IO65MA,LIMAVADY,IC688218,NI,,GI4EBS,55.03914189,-6.92322545,
MB6MB,2M,,144.8375,144.8375,DG,IO83DH,COLWYN BAY,SH 8369 7927,WM,,MW0RKB,53.297559,-3.746695,
MB6MT,2M,,144.8250,144.8250,DG,IO81HS,MERTHYR TYDFIL,SO0369007817,WM,,GW0UXJ,51.760728,-3.396882,
MB6NC,2M,,144.8250,144.8250,DG,IO65TA,CLOUGHMILLS,D0474620680,NI,,GI1JHQ,55.02271,-6.362800,
MB6NH,2M,,144.8500,144.8500,DG,JO00AS,NEWHAVEN,TQ4415001233,SE,,G0TJH,50.79274,0.043882,
MB6NI,2M,,144.8375,144.8375,DG,IO74CR,CARRICKFERGUS,IJ424888,NI,,GI6DKQ,54.437000,-5.478400,
MB6OH,2M,,144.8500,144.8500,DG,IO64VQ,MUCKAMORE,IJ162842,NI,,GI4FUM,54.692254,-6.198945,
MB6OR,2M,,144.8125,144.8125,DG,IO89LB,KIRKWALL,HY4171620625,SCOT,,GM4WMM,59.068572,-3.018234,
MB6RE,2M,,144.8375,144.8375,DG,IO91TN,RUISLIP,TQ1165085872,SE,,M0RJE,51.560694,-0.39076,
MB6RL,2M,,144.8125,144.8125,DG,IO81JO,CAERPHILLY,ST1669488097,WM,,GW6WTK,51.585545,-3.203782,
MB6RY,2M,,144.8125,144.8125,DG,JO00HW,RYE,TQ8310620044,SE,,M0HOW,50.950744,0.605474,
MB6SF,2M,,144.8125,144.8125,DG,IO93GH,SHEFFIELD,,NOR,,M0KSP,53.33,-1.46,
MB6ST,2M,,144.8375,144.8375,DG,IO87UE,ABERDEEN,NJ8410012123,SCOT,,MM0SJT,57.199615,-2.264812,
MB6TT,2M,,144.8250,144.8250,DG,IO87AM,INVERNESS,NH8034147505,SCOT,,GM1TCN,57.50838,-3.998505,
MB6TU,2M,,144.8125,144.8125,DG,IO87BN,NAIRN,,SCOT,,GM0GTU,57.58,-3.89,
MB6WV,2M,,144.8125,144.8125,DG,IO92NL,MKT HARBOROUGH,SP7487187468,MIDL,,G1IVG,52.48003,-0.899003,
MB6ZE,2M,,144.8375,144.8375,DG,JO00GU,HASTINGS,TQ7994110876,SE,,2E0JBR,50.869378,0.555946,
MB6ZZ,2M,,144.8625,144.8625,DG,JO01FN,BASILDON,TQ70708902,SE,,M0TTF,51.574166,0.461919,
MB7IAA,2M,,145.2375,145.2375,AG,IO93PO,SCUNTHORPE,SE8768011926,MIDL,88.5,M0NEY,53.596582,-0.676639,
MB7IAB,2M,,145.2875,145.2875,AG,IO94GX,NEWCASTLE,NZ3217963124,NOR,118.8,M0OMT,54.961715,-1.498971,
MB7IAD,2M,,144.9625,144.9625,AG,JO03BI,LINCOLN,TF 4299 8453,MIDL,71.9,M0AQC,53.338425,0.146234,
MB7IAH,2M,,144.9625,144.9625,AG,IO84EL,ST BEES,NX 9724 1148,NOR,103.5,G7KSE,54.488227,-3.587911,
MB7IAR,2M,,145.2875,145.2875,AG,IO76BV,ARISAIG,NM6630986530,SCOT,88.5,2M0SBP,56.910934,-5.840358,
MB7IAS,2M,,145.2375,145.2375,AG,JO02QF,IPSWICH,TM2788963784,SE,110.9,G1NRL,52.225098,1.334901,
MB7IAV,6M,,50.5300,50.5300,AG,IO91OV,AYLESBURY,SP 80475 20412,SW,118.8,G3XOP,51.876483,-0.832394,
MB7IAV,2M,,145.2375,145.2375,AG,IO91OV,AYLESBURY,SP 80475 20412,SW,118.8,G3XOP,51.876483,-0.832394,
MB7IBA,2M,,144.9625,144.9625,AG,IO81IK,BARRY,ST1213069947,WM,94.8,GW3WSU,51.421693,-3.265139,
MB7IBC,2M,,145.2375,145.2375,AG,IO90CR,BOURNEMOUTH,SZ1245992577,SW,71.9,G4ERV,50.732669,-1.824832,
MB7IBH,2M,,144.9625,144.9625,AG,IO75RX,ALEXANDRIA,NS4024878873,SCOT,103.5,MM0ELF,55.97638,-4.559627,
MB7IBR,2M,,144.9625,144.9625,AG,JO01AK,BROMLEY,TQ3985771748,SE,103.5,G0WYG,51.42707, 0.00948,
MB7IBT,2M,,145.2875,145.2875,AG,IO92ET,BURTON ON TRENT,SK2461124532,MIDL,103.5,2E1DOX,52.817793,-1.636259,
MB7ICB,2M,,145.2875,145.2875,AG,IO72WS,BARMOUTH,SH5903122063,WM,110.9,MW0VTK,52.777714,-4.09135,
MB7ICE,2M,,145.2375,145.2375,AG,IO95EB,CRAMLINGTON,NZ 2594576329,NOR,118.8,G0LCE,55.080533,-1.595122,
MB7ICH,2M,,145.3375,145.3375,AG,IO81QP,CHEPSTOW,ST5484092467,SW,118.8,2E0RDJ,51.629192,-2.653837,
MB7ICL,2M,,145.2875,145.2875,AG,JO01OT,CLACTON ON SEA,TM1851117527,SE,110.9,G0HWC,51.813649,1.168696,
MB7ICM,2M,,144.9625,144.9625,AG,IO64EI,ENNISKILLEN,IH2543545026,NI,110.9,2I0NIE,54.35319,-7.60878,
MB7ICU,2M,,145.3375,145.3375,AG,IO64KN,OMAGH,H 55397 70605,NI,110.9,MI1CCU,54.58061,-7.14328,
MB7IDA,2M,,145.3375,145.3375,AG,JO01HR,DANBURY,TL7861105230,SE,110.9,G1EUC,51.717342,0.584063,
MB7IDM,2M,,145.2875,145.2875,AG,IO91LV,CALVERT,SP6865224333,SW,103.5,2E0RHR,51.913312,-1.003335,
MB7IDP,2M,,145.3375,145.3375,AG,IO92AQ,CANNOCK,SK01451109,MIDL,103.5,M0GYO,52.697499,-1.979988,
MB7IDT,2M,,145.3375,145.3375,AG,IO92SA,AMPTHILL,TL0389037517,MIDL,77,G4FKI,52.026355,-0.487209,
MB7IDX,2M,,144.9625,144.9625,AG,IO92AP,WALSALL,SK024038,MIDL,82.5,G8PWE,52.633050,-1.966515,
MB7IEW,2M,,145.2375,145.2375,AG,IO82UP,ALBRIGHTON,SJ8081504083,MIDL,103.5,M0NJJ,52.634177,-2.284909,
MB7IGF,2M,,144.9625,144.9625,AG,IO83XN,OLDHAM,SD9980205163,NOR,77.0,M0GCP,53.543122,-2.0042930,
MB7IGR,2M,,145.2875,145.2875,AG,IO83JI,WEST KIRBY,SJ2156386349,NOR,77.0,M0BFV,53.368179,-3.180279,
MB7IHG,2M,,145.2375,145.2375,AG,IO94FA,HARROGATE,SE2793956247,NOR,77,G6VVM,54.001514,-1.575264,
MB7IHY,2M,,145.2375,145.2375,AG,IO83JJ,HOYLAKE,SJ 22030 89542,NOR,82.5,2E0UUU,53.396946,-3.174051,
MB7IKA,2M,145.2125,145.2125,145.2125,AG,IO64RW,KILREA,C9236012937,NI,110.9,MI0AAZ,54.95540,-6.55816,
MB7IKD,2M,,145.2875,145.2875,AG,IO82WJ,CLENT,,WM,118.8,M0NDB,52.41,-2.12,
MB7IKI,2M,,145.2375,145.2375,AG,IO91UU,KIMPTON,TL17611852,SE,67,G7HMV,51.852867,-0.293819,
MB7ILD,2M,,145.2875,145.2875,AG,IO64IX,DERRY/LONDONDERRY,IC445160,NI,110.9,GI4YWT,54.98960,-7.30404,
MB7ILH,2M,,144.9625,144.9625,AG,IO92GE,WARWICK,SP3514955919,MIDL,67,G4USP,52.20033,-1.48715,
MB7ILL,2M,,145.3375,145.3375,AG,JO02UL,LOWESTOFT,TM5313792143,SE,94.8,M0LJL,52.468505,1.7255576,
MB7ILV,2M,,145.2125,145.2125,AG,IO83LL,LIVERPOOL,SJ3366596587,NOR,94.8,G7OEA,53.461836,-3.000585,
MB7IMC,2M,,145.3375,145.3375,AG,IO83UK,MANCHESTER,SJ7845395519,NOR,82.5,2E0RDU,53.4559420,-2.3257320,
MB7IMF,2M,,145.2375,145.2375,AG,IO64WJ,DROMORE  CO DOWN,J201534,NI,77,MI0YMF,54.41567,-6.14907,
MB7IMF,10M,,29.6300,29.6300,AG,IO64WJ,DROMORE  CO DOWN,J201534,NI,110.9,MI0YMF,54.41567,-6.14907,
MB7IMR,2M,,144.9625,144.9625,AG,IO94LO,MARSKE BY SEA,NZ6408222222,NOR,118.8,M0RIG,54.591149,-1.009803,
MB7IMV,2M,,144.9625,144.9625,AG,IO83VA,NEWCASTLE UNDER LYME,SJ8338847020,MIDL,103.5,M0MVK,53.019713,-2.248051,
MB7INE,2M,,145.3375,145.3375,AG,IO94GX,JARROW,NZ3251963088,NOR,118.8,M1FNE,54.96138,-1.493658,
MB7INI,2M,,145.3375,145.3375,AG,IO74BQ,NEWTOWNABBEY,IJ3476685060,NI,77,GI0BJH,54.69548,-5.90953,
MB7IOG,2M,,144.9625,144.9625,AG,IO83LK,WALLASEY,SJ2824291862,NOR,82.5,2E0IOG,53.418675,-3.081182,
MB7IPH,2M,,145.2375,145.2375,AG,JO01HE,HEADCORN,TQ8354544264,SE,77,G4ZXI,51.168167,0.62398,
MB7IPN,2M,,145.3375,145.3375,AG,IO90LW,PORTSMOUTH,SU7010713669,SW,71.9,G7TEM,50.918228,-1.004035,
MB7IPR,2M,,145.3375,145.3375,AG,JO01NC,FOLKESTONE,TR1975136601,SE,77,2E0AYY,51.086613,1.136431,
MB7IQP,2M,,144.9625,144.9625,AG,IO93GA,BELPER,SK3622245315,MIDL,71.9,G8IQP,53.003959,-1.461672,
MB7ISB,2M,,145.2375,145.2375,AG,IO81FM,BRIDGEND,SS9031083088,WM,94.8,GW0KAX,51.536007,-3.58291,
MB7ISC,2M,,144.9625,144.9625,AG,IO90ST,FERRING,TQ0914602529,SE,88.5,G7RZU, 50.812030,-0.452152 ,
MB7ISF,6M,,50.5300,50.5300,AG,IO93GH,SHEFFIELD,,NOR,77.0,M0KSP,53.33,-1.46,
MB7ISJ,2M,,145.2125,145.2125,AG,IO83RF,NORTHWICH,SJ6561869668,NOR,77,M0WTX,53.223000,-2.516417,
MB7ISM,10M,,29.5300,29.5300,AG,IO91SK,STAINES,TQ0491170740,SE,82.5,2E1AVX,51.425972,-0.492419,
MB7ISM,2M,,145.3375,145.3375,AG,IO91SK,STAINES,TQ0491170740,SE,82.5,2E1AVX,51.425972,-0.492419,
MB7ISW,2M,,145.3375,145.3375,AG,IO92KX,NOTTINGHAM,SK5766743121,MIDL,77.0,M0NPT,52.982363,-1.142267,
MB7ITB,2M,,145.2875,145.2875,AG,IO80FK,PAIGNTON,SX8769562222,SW,77,G0AZX,50.449045,-3.583198,
MB7ITQ,2M,,144.9625,144.9625,AG,IO80FK,PAIGNTON,SX8918160075,SW,77.0,2E0JNP,50.43003,-3.56163,
MB7IUK,6M,,50.5200,50.5200,AG,IO83XM,ASHTON-UNDER-LYNE,SD9486801681,NOR,103.5,M0NCZ,53.511806,-2.078849,
MB7IUK,2M,,145.2875,145.2875,AG,IO83XM,ASHTON-UNDER-LYNE,SD9486801681,NOR,82.5,M0NCZ,53.511805,-2.078849,
MB7IUR,2M,,145.2375,145.2375,AG,IO92KP,LEICESTER,SK 58661 03866,MIDL,77.0,M1GUR,52.629409,-1.134755,
MB7IWA,6M,,50.5400,50.5400,AG,IO83LJ,BIRKENHEAD,SJ3124791230,NOR,82.5,G4PGO,53.413398,-3.035834,
MB7IWD,2M,,145.3375,145.3375,AG,IO70UQ,LAUNCESTON,SX3594589712,SW,77,G4PEK,50.683868,-4.323686,
MB7IWK,2M,,145.3375,145.3375,AG,IO83KI,WEST KIRBY,SJ2281086895,NOR,82.5,G7NIR,53.373190,-3.161750,
MB7IWR,2M,,145.2375,145.2375,AG,IO93EP,DEWSBURY,SE2395418473,NOR,82.5,G4CLI,53.662219,-1.638975,
MB7IYL,6M,,50.5200,50.5200,AG,IO82UJ,KIDDERMINSTER,SO8287978128,WM,118.8,G8PZT,52.400936,-2.253066,
MB7IYS,2M,,145.2875,145.2875,AG,IO93HS,LEEDS,SE422306,NOR,82.5,2E1AYS,53.770954,-1.360187,
MB7PB,4M,,70.3875,70.3875,AG,IO82QI,LUDLOW,SO 54666 71363,WM,118.8,G1MAW,52.338471,-2.666808,
MI0CRQ,70CM,,430.0375,430.0375,AG,IO65VF,BALLYCASTLE,D 11517 41447,NI,77,MI0CRQ,55.20749,-6.24808,
MI0JPD,70CM,,430.0500,430.0500,AG,IO64QR,MAGHERAFELT,IH898906,NI,77,MI0JPD,54.746573,-6.608154,
MI0YMF,70CM,,430.0250,430.0250,AG,IO64WJ,DROMORE  CO DOWN,J201534,NI,110.9,MI0YMF,54.41567,-6.14907,
MW0TMH,70CM,,434.5000,434.5000,AG,IO83DG,COLWYN BAY,SH 8504 7838,WM,110.9,MW0TMH,53.289883,-3.726028,
MW0WYN,70CM,,430.0750,430.0750,AG,IO82AX,BLAENAU FFESTINIOG,SH7065743730,WM,110.9,MW0WYN,52.975291,-3.927717,
